,in_degree,out_degree,betweenness,eigenvector,is_likely_promo
squeakyllama.bsky.social,69,3,0.0030395111556614732,1.3169482998951256e-14,False
cassiarowland.bsky.social,37,0,0.0006086490397700493,1.624776908760582e-25,False
fleerultra.bsky.social,27,5,0.00033274473748846596,3.0829178962867456e-21,True
popcrave.com,26,0,0.0015031598303250776,5.832788637600474e-23,False
film-authority.bsky.social,24,24,3.734043188773309e-05,0.7072928614845463,False
mollyknight.bsky.social,18,1,0.0001543404518026301,6.074132182282686e-31,False
theferocity.bsky.social,18,6,0.00015268087705206418,1.1114770584814773e-24,False
ptklein.com,18,8,0.0005235958338035462,1.283952005945496e-19,False
gravitysra1nbow.bsky.social,18,3,0.00040300006859575634,1.2221955570105916e-26,False
nicetopatrick.bsky.social,16,2,0.0004945532756686427,9.284152937411468e-27,False
macydaisy.bsky.social,15,7,8.712767440471054e-05,2.557345885697537e-26,False
hereliescorri.bsky.social,15,10,2.323404650792281e-05,1.8862637293448087e-14,False
pinkponysub.bsky.social,15,5,0.0005385320065586395,4.268888737032537e-22,False
lady-of-sorrows.bsky.social,13,10,2.945745182254499e-05,6.903033475847885e-19,False
apnews.com,13,0,9.37659734069742e-05,3.700339035871243e-34,False
mattielubchansky.com,13,3,0.00043812773414940155,3.749773117396515e-27,False
sachacoward.bsky.social,12,1,4.563830564056266e-05,1.0703166595120015e-33,False
hleehurley.com,12,1,6.306384052150478e-05,2.2523402143963884e-33,False
rosserford.bsky.social,12,2,0.00011202129566319926,4.1536727707549737e-26,False
kikkiplanet.bsky.social,11,2,0.0005377022191833565,1.6964991257976492e-24,False
kvetch.gay,11,7,2.323404650792281e-05,4.45132537816314e-22,False
adamrutherford.bsky.social,10,1,5.2276604642826325e-05,1.1302648403471274e-37,False
originalsp.in,10,3,2.2404259132639853e-05,6.619182295489396e-29,True
rezekjoe.bsky.social,10,3,0.00022238301657583263,4.6430326713514633e-20,False
alissawilkinson.bsky.social,10,7,3.485106976188422e-05,9.513654397871431e-25,True
letterboxd.social,9,0,2.9872345510186472e-05,1.0701523613024509e-41,False
pinkmouse.bsky.social,9,10,8.297873752829575e-06,9.784120949127207e-17,False
erudito78.bsky.social,9,6,1.659574750565915e-05,4.084784004874161e-24,False
ricrus77.bsky.social,9,8,4.646809301584562e-05,1.2094367434217115e-18,False
markgaybakes.bsky.social,8,7,9.542554815754011e-05,1.1582457719320072e-25,False
thirdsandsixths.bsky.social,8,7,1.8255322256225066e-05,1.0050247596452599e-17,False
markobau.bsky.social,8,6,4.978724251697745e-06,2.6575792008288922e-19,False
dianaaceves.com,7,2,8.297873752829575e-06,1.0472726064317902e-32,False
prdnme.bsky.social,7,1,0.00027673408965686635,3.974682046145453e-15,False
motoridersd.pug.ninja,7,3,8.297873752829575e-06,3.464183425987104e-31,False
nixostorme.bsky.social,7,2,3.2361707636035344e-05,3.0255556046085287e-37,False
generalboles.bsky.social,7,1,3.153192026075239e-05,4.862934551324911e-36,False
jorisbinned.bsky.social,7,5,1.4936172755093236e-05,4.424503004246034e-25,False
symbo1ics.bsky.social,7,4,1.2446810629244363e-05,1.2347446727729658e-31,False
prasshant.bsky.social,6,3,8.297873752829575e-06,1.0784066324548471e-31,False
funkelly.bsky.social,6,0,8.297873752829575e-06,5.275076239829772e-43,False
boykelly13.bsky.social,6,3,8.961703653055941e-05,2.9002168288793425e-20,False
gregoryellwood.bsky.social,6,0,1.2446810629244363e-05,8.201949180516671e-46,False
anfieldkathy.bsky.social,6,2,8.297873752829575e-06,1.0229106422821421e-35,False
feralstreeep.bsky.social,6,2,1.2446810629244363e-05,8.92487401961327e-39,False
mutablesoul.bsky.social,6,2,4.978724251697745e-06,2.561819158166615e-30,False
karenho.bsky.social,6,3,0.00012778725579357545,2.4246626379479554e-28,False
andreia-carbonari.bsky.social,6,2,0.00010123405978452081,2.984760400703408e-31,False
johnmaddening.bsky.social,6,5,4.978724251697745e-06,3.227247845076215e-26,False
clapifyoulikeme.favrd.social,5,1,4.978724251697745e-06,7.367861648433925e-39,False
guimaraujo.bsky.social,5,3,7.468086377546618e-06,1.589392281514283e-35,False
moutix2.bsky.social,5,4,8.297873752829575e-07,4.823917839629317e-22,False
christianarjonap.bsky.social,5,2,8.297873752829575e-07,3.847263850082348e-29,False
dresdencodak.com,5,0,8.297873752829575e-06,1.3763689530035541e-47,False
nytimes.com,5,0,8.297873752829575e-06,1.3763689530035541e-47,False
upvotegreyhounds.bsky.social,5,4,0.0,0.37886860994437305,False
jeninmotion.bsky.social,5,2,0.0,2.106809028028883e-20,False
filmbrainbmb.bsky.social,5,1,8.297873752829575e-06,5.275076239829772e-43,False
glitterburrito.bsky.social,5,2,4.978724251697745e-06,1.8922986207589574e-36,False
azurebee.bsky.social,5,2,4.978724251697745e-06,7.003680828217628e-34,False
donmoyn.bsky.social,5,0,8.297873752829575e-06,1.3763689530035541e-47,False
thrasherxy.bsky.social,5,1,4.978724251697745e-06,7.367861648433925e-39,False
himbonotes.bsky.social,5,3,8.297873752829575e-07,2.786352633963906e-27,False
hexhound.bsky.social,5,0,4.978724251697745e-06,2.244196483852973e-44,False
robertsecundus.bsky.social,5,5,8.297873752829575e-07,3.0388285060979246e-22,False
juliancampos.bsky.social,4,3,0.0,4.935206682205571e-23,False
formeresq.bsky.social,4,2,4.563830564056266e-05,1.728064261442493e-21,False
venividicringy.eurosky.social,4,1,2.4893621258488727e-06,8.146064976028586e-40,False
silentbrouhaha.bsky.social,4,1,0.00021159578069715416,1.9724135532510277e-15,False
winonaparadise.bsky.social,4,0,4.978724251697745e-06,1.0798575552126128e-49,False
ebcollis.bsky.social,4,2,0.00027963834547035666,1.786129323119574e-15,False
fakeplasticruby.bsky.social,4,2,8.297873752829575e-07,2.0266817224418188e-30,False
davidkuhne.bsky.social,4,2,9.127661128112533e-06,3.986721511055209e-37,False
polly-o.bsky.social,4,4,0.00014189364117338574,5.214557981071251e-15,False
pjr2.bsky.social,4,0,1.4936172755093236e-05,1.2084932318327423e-18,False
queerash.bsky.social,4,4,4.978724251697745e-06,3.9974455207935365e-25,False
ericdsnider.bsky.social,4,1,1.4106385379810278e-05,4.657448934485744e-25,False
flashtastic.bsky.social,4,4,0.0,0.3367720977283316,False
petrospect.blog,4,3,8.297873752829575e-07,7.967942382838194e-31,False
guvna.bsky.social,4,4,8.297873752829575e-07,9.181591189229628e-23,False
dnaforever.bsky.social,4,3,0.00025474472421186794,7.052875177980698e-23,False
kelleygreene.bsky.social,4,0,7.468086377546618e-06,5.2022091315583904e-49,False
jeffreyb43.bsky.social,4,3,1.2446810629244363e-05,1.5679660401007905e-34,False
thr.com,4,0,4.978724251697745e-06,1.0798575552126128e-49,False
comedyclub4kids.bsky.social,4,4,8.297873752829575e-07,2.1571329881728034e-25,False
tagrevista.com,4,0,1.659574750565915e-05,3.506141384919591e-31,False
gilesyb.bsky.social,4,1,2.4893621258488727e-06,8.146064976028586e-40,False
shadowtodd.bsky.social,4,1,2.323404650792281e-05,8.269876747376339e-35,False
jkfecke.bsky.social,4,5,1.659574750565915e-06,2.4692999219869998e-20,False
omfproductions.bsky.social,4,5,1.659574750565915e-06,2.6574128574380557e-20,False
electriceden92.bsky.social,4,0,1.2446810629244363e-05,3.9476322485513784e-38,False
upstating.bsky.social,4,1,6.555320264735365e-05,4.2163281157482575e-27,False
bttlborn.bsky.social,4,1,7.468086377546618e-06,4.7657985625098e-41,False
kadath.bsky.social,4,0,4.978724251697745e-06,1.0798575552126128e-49,False
yourprettyboy.bsky.social,4,0,8.961703653055941e-05,5.595415914192534e-22,False
billdukehavingfun.bsky.social,4,3,0.0,9.089311530649584e-23,False
leesahsea.bsky.social,3,3,8.297873752829575e-07,2.3496859079267966e-33,False
retronymous.com,3,1,2.655319600905464e-05,1.139336798490592e-27,False
kateweb.bsky.social,3,3,0.0,2.04643603665237e-25,False
catdaddytwo.bsky.social,3,3,0.0,0.2525790732962487,False
queenoftacos.bsky.social,3,2,0.0,6.6399519856895775e-31,False
keithgdesigns.bsky.social,3,3,0.0,6.961081965282403e-18,False
weekendwarrior.bsky.social,3,1,2.4893621258488727e-06,6.2605422008769745e-46,False
kimbivega.bsky.social,3,4,0.0003617872956233695,7.445948505668422e-27,False
uncannyrodders.bsky.social,3,2,1.991489700679098e-05,1.4446770675327036e-37,False
maxxfergus.bsky.social,3,0,2.4893621258488727e-06,2.7094899933669224e-52,False
blackcatgarden.bsky.social,3,1,8.297873752829575e-07,7.421870128426008e-41,False
notkoze.trashmammal.club,3,1,0.0,6.819404281880921e-36,False
labeautenoire3.bsky.social,3,2,1.5765960130376194e-05,4.681345149106622e-35,False
renbolger.bsky.social,3,4,0.0,1.3406443512373723e-14,False
cluniies.bsky.social,3,2,0.0,1.987324932798109e-30,False
viennabeef.social,3,3,6.05744783956559e-05,5.2789115878317144e-20,False
lacodefita.bsky.social,3,4,0.0,4.63831249753175e-22,False
christopherxci.blacksky.app,3,1,0.0,6.210056837397409e-32,False
sorayanadiamcdonald.com,3,0,2.4893621258488727e-06,2.7094899933669224e-52,False
litop12.blacksky.app,3,4,4.1489368764147875e-06,8.298626354527699e-32,False
saramchenry.bsky.social,3,2,3.31914950113183e-05,2.6298604257967695e-27,False
cassmorriswrites.com,3,1,8.297873752829575e-07,7.42187012842601e-41,False
ricardoautobahn.co.uk,3,0,2.4893621258488727e-06,2.7094899933669224e-52,False
cezarfig.bsky.social,3,1,8.297873752829575e-07,7.42187012842601e-41,False
thetrudz.photo,3,2,8.297873752829575e-07,4.593623169935307e-38,False
beefinboots.bsky.social,3,0,2.4893621258488727e-06,2.7094899933669224e-52,False
sebastienlabelle.bsky.social,3,3,5.9744691020372944e-05,8.617459258113216e-21,False
dantebanks.bsky.social,3,2,8.297873752829575e-07,4.593623169935307e-38,False
jonjon85.bsky.social,3,3,0.0,1.0960053791949806e-26,False
gavia.bsky.social,3,2,8.297873752829575e-07,4.593623169935307e-38,False
floridaman.bsky.social,3,4,2.406383388320577e-05,3.68335274519202e-34,False
puesyanimodo.bsky.social,3,3,0.0,1.0960053791949806e-26,False
ottocr.at,3,2,1.9085109631508022e-05,4.2837012670624275e-36,False
pfunksahunk.bsky.social,3,3,0.0,6.961081965282403e-18,False
leavittalone.bsky.social,3,2,3.4021282386601256e-05,4.734008182746567e-21,False
spectralspade.org,3,2,4.978724251697745e-06,2.244196483852973e-44,False
queenrayna1337.bsky.social,3,1,8.297873752829575e-07,7.421870128426008e-41,False
jdotj.bsky.social,3,0,2.4893621258488727e-06,2.7094899933669224e-52,False
boxofhamsters.bsky.social,3,3,8.297873752829575e-07,2.3496859079267966e-33,False
daddysahole.bsky.social,3,1,2.4893621258488727e-06,6.26054220087697e-46,False
timprice.bsky.social,3,3,0.0,2.5284581340678443e-22,False
sydney-bauer.com,3,1,2.4893621258488727e-06,6.260542200876974e-46,False
bridgetemob.bsky.social,3,1,0.0,6.819404281880921e-36,False
stupidartpunk.bsky.social,3,0,2.4893621258488727e-06,2.7094899933669224e-52,False
csiwriter.bsky.social,3,3,0.0,6.522743643709484e-17,False
glimmerstomp.bsky.social,3,2,2.4893621258488727e-06,7.13434907534968e-42,False
sunkissedpeaks.bsky.social,3,3,2.4893621258488727e-06,7.367861648433928e-39,False
winch72.bsky.social,3,4,0.0,1.0169517496480112e-18,False
youcaughtscott.com,3,1,8.297873752829575e-07,7.42187012842601e-41,False
zytgst.bsky.social,3,4,0.0,4.935206682205571e-23,False
mattysupreme.bsky.social,3,2,0.0001053829966609356,2.179483653574554e-23,False
dfa1976.bsky.social,3,3,0.0,0.2525790732962487,False
deshocks.bsky.social,3,2,0.0,6.6399519856895775e-31,False
frankenputo.is-extremely.gay,3,1,3.2361707636035344e-05,7.07817341617522e-33,False
g-sharp-major.bsky.social,3,2,0.00010040427240923786,4.387390780139858e-28,False
lotographia.bsky.social,3,2,2.4893621258488727e-06,7.13434907534968e-42,False
latinkraken.bsky.social,3,2,2.4893621258488727e-06,7.134349075349684e-42,False
alertadetorrents.bsky.social,3,2,8.297873752829575e-07,4.593623169935307e-38,False
akelacooper.bsky.social,3,2,8.297873752829575e-07,3.492391669701056e-35,False
vicky-o-victoria.bsky.social,3,2,8.297873752829575e-07,3.4923916697010544e-35,False
nygem.blacksky.app,3,2,2.4893621258488727e-06,5.735238521480479e-32,False
zeenthecity.bsky.social,3,2,5.808511626980702e-06,9.630361296426327e-35,False
bobby1998.bsky.social,3,0,2.4893621258488727e-06,2.7094899933669224e-52,False
thegaysapionerd.bsky.social,3,4,0.0,2.289877497030845e-19,False
caiofall.bsky.social,2,2,3.31914950113183e-06,5.162154339332444e-41,False
sammie.gay,2,1,0.0,5.3507618065122584e-42,False
tklv.bsky.social,2,1,8.297873752829575e-07,9.959499306053939e-48,False
simonm223.bsky.social,2,2,0.0,1.6856387560452297e-22,False
merllo.bsky.social,2,2,0.0,2.4659593678607215e-24,False
bradytbh.bsky.social,2,2,8.297873752829575e-07,4.080055617176914e-43,False
irishstar.com,2,0,8.297873752829575e-07,9.891223853747353e-56,False
chrsphr.uk,2,0,8.297873752829575e-07,9.891223853747353e-56,False
thehamsterwrangler.bsky.social,2,2,0.0,8.994533083249006e-32,False
crabbyaf.bsky.social,2,2,5.2276604642826325e-05,2.4154287849796477e-27,False
truckerjc.bsky.social,2,2,0.0,4.3484957624729886e-17,False
conradelliot.bsky.social,2,0,8.297873752829575e-07,9.891223853747353e-56,False
leoie.bsky.social,2,1,0.0,5.3507618065122584e-42,False
thejlm.bsky.social,2,1,8.297873752829575e-07,9.959499306053932e-48,False
tomilaffly.bsky.social,2,1,0.0,5.3507618065122584e-42,False
schmanthonyp.bsky.social,2,1,5.808511626980702e-06,1.2388395644235848e-50,False
mauraquint.bsky.social,2,0,8.297873752829575e-07,9.891223853747353e-56,False
watchtvalot.bsky.social,2,4,0.00011285108303848223,5.956449292009631e-20,False
paulnuk.eurosky.social,2,1,1.742553488094211e-05,3.670460387234309e-38,False
castlechameleon.bsky.social,2,2,0.0,2.101622966358832e-33,False
samanthaballent.bsky.social,2,1,1.659574750565915e-06,3.003965178920575e-46,False
imaginarygaychart.bsky.social,2,1,5.310639201810928e-05,1.2830397912617987e-24,False
sinnamonscouture.bsky.social,2,0,8.297873752829575e-07,9.891223853747353e-56,False
jmill26.bsky.social,2,1,0.0,5.3507618065122584e-42,False
jfruh.bsky.social,2,0,8.297873752829575e-07,9.891223853747353e-56,False
drewmagary.bsky.social,2,0,8.297873752829575e-07,9.891223853747353e-56,False
pb14.bsky.social,2,1,0.0,5.3507618065122584e-42,False
blackforestcyclist.bsky.social,2,2,0.0,6.819404281880921e-36,False
cskwriter.bsky.social,2,2,0.0,6.819404281880921e-36,False
sdzdc.bsky.social,2,5,3.8585112950657525e-05,2.4029936375076036e-15,False
julywolfe.bsky.social,2,2,1.4936172755093236e-05,2.289397474033691e-31,False
spiegel.de,2,0,8.297873752829575e-07,9.891223853747353e-56,False
uncanny305.bandcamp.com,2,2,0.0,3.388117585930494e-35,False
biggreenbooks.bsky.social,2,1,0.0,5.3507618065122584e-42,False
aisleseat.bsky.social,2,1,0.0,5.3507618065122584e-42,False
southernman48.bsky.social,2,2,0.0,1.3106512355497764e-34,False
mrpaulymac.bsky.social,2,2,0.0,5.602525921688775e-25,False
radplanets.com,2,2,0.0,7.491616466543244e-26,False
philcox99.bsky.social,2,2,0.0,2.1156951281122793e-15,False
zerosjb.bsky.social,2,3,4.978724251697745e-06,2.0348697553340563e-24,False
camcron.bsky.social,2,1,0.0,5.3507618065122584e-42,False
me-nancy.bsky.social,2,2,0.0,0.1683860488641658,False
karu1402.bsky.social,2,2,9.95744850339549e-06,3.083547346865265e-19,False
stephaniejane.bsky.social,2,2,9.95744850339549e-06,1.6110732290971243e-33,False
theswiftalchemy.swifties.social,2,1,0.0,5.3507618065122584e-42,False
cjsprigman.bsky.social,2,1,8.297873752829575e-07,9.959499306053932e-48,False
thecorlew.bsky.social,2,0,8.297873752829575e-07,9.891223853747353e-56,False
aduralde.bsky.social,2,0,8.297873752829575e-07,9.891223853747353e-56,False
sheriffofgay.bsky.social,2,3,0.0,2.389277671915415e-27,False
starf1re.bsky.social,2,2,8.297873752829575e-07,4.080055617176914e-43,False
therealjourneyman.bsky.social,2,0,8.297873752829575e-07,9.891223853747353e-56,False
heyjaeee.bsky.social,2,1,3.070213288546943e-05,1.817252625804985e-25,False
ellienchanted.bsky.social,2,1,0.0,5.3507618065122584e-42,False
kenmegalopsuxos.bsky.social,2,2,2.102128017383494e-05,5.535791006621989e-27,False
newyorker.com,2,0,8.297873752829575e-07,9.891223853747353e-56,False
pinkbubblewitch.bsky.social,2,4,8.297873752829575e-07,2.0266817224418188e-30,False
iamstephanie58.bsky.social,2,2,0.0,6.819404281880921e-36,False
wormsgreenrealm.bsky.social,2,0,3.31914950113183e-06,7.656449603658354e-51,False
danixi.bsky.social,2,3,0.0,3.5720948084381376e-29,False
herbstwebber.bsky.social,2,2,0.0,6.819404281880921e-36,False
reptvswifties.bsky.social,2,0,8.297873752829575e-07,9.891223853747353e-56,False
vuintrieri.bsky.social,2,1,0.0,5.3507618065122584e-42,False
queerde.bsky.social,2,0,8.297873752829575e-07,9.891223853747353e-56,False
hailthesun.bsky.social,2,2,0.0,2.975004805609661e-19,False
ulti.com.br,2,0,0.0,2.2404284465182156e-31,False
marisbumf.bsky.social,2,1,8.297873752829575e-07,9.959499306053939e-48,False
seddieweddie.blacksky.app,2,1,0.0,5.3507618065122584e-42,False
mst3katie.bsky.social,2,1,0.0,5.3507618065122584e-42,False
shadowwyrm.bsky.social,2,1,0.0,5.3507618065122584e-42,False
squallleonshart.bsky.social,2,0,8.297873752829575e-07,9.891223853747353e-56,False
lschmeiser.bsky.social,2,1,8.297873752829575e-07,9.959499306053939e-48,False
discussingfilm.net,2,0,8.297873752829575e-07,9.891223853747353e-56,False
idkman159.swifties.social,2,1,0.0,1.4527209251419368e-30,False
marxve.bsky.social,2,2,0.0,3.3881175859304923e-35,False
carbonmade.bsky.social,2,1,0.0,5.3507618065122584e-42,False
copilotsx.bsky.social,2,1,0.0,1.9140827384984422e-19,False
likeazombie.bsky.social,2,1,1.659574750565915e-06,2.924784010560437e-47,False
onetruestephen.bsky.social,2,2,1.7425534880942096e-05,4.126565437696951e-27,False
tracklist.com.br,2,0,1.659574750565915e-05,1.168713794973197e-31,False
mcclellandshane.bsky.social,2,0,8.297873752829575e-07,9.891223853747353e-56,False
gooberbb.bsky.social,2,1,0.0,5.3507618065122584e-42,False
methyew.bsky.social,2,1,0.0,2.2010312463431713e-24,False
endipendipen.bsky.social,2,2,2.655319600905464e-05,3.2197146328368936e-24,False
compoundsplural.bsky.social,2,2,0.0,2.4691510120553315e-22,False
wannabee80.bsky.social,2,1,0.0,5.3507618065122584e-42,False
bedform.org,2,0,8.297873752829575e-07,9.891223853747353e-56,False
everyfilmnow.bsky.social,2,0,5.310639201810928e-05,1.2066701292973221e-24,False
thelovelygirl.bsky.social,2,3,0.0,6.6399519856895775e-31,False
ryanjapan743.bsky.social,2,2,2.655319600905464e-05,6.390927006965396e-27,False
hannahswiv.bsky.social,2,1,8.297873752829575e-07,9.959499306053932e-48,False
mrsteed.bsky.social,2,0,8.297873752829575e-07,9.891223853747353e-56,False
shelleybwoke.bsky.social,2,0,8.297873752829575e-07,9.891223853747353e-56,False
workofwrestling.bsky.social,2,1,0.0,5.3507618065122584e-42,False
silverandblonde.bsky.social,2,2,0.0,6.819404281880921e-36,False
athleticsfan314.bsky.social,2,2,0.0,2.101622966358832e-33,False
megadis13.dissky.com,2,2,8.297873752829575e-07,4.080055617176914e-43,False
diasporaminnesotan.bsky.social,2,2,8.297873752829575e-07,4.080055617176914e-43,False
baronfrosti.bsky.social,2,1,8.297873752829575e-07,9.959499306053932e-48,False
juankamix.bsky.social,2,1,1.659574750565915e-06,3.0039651789205748e-46,False
asterionhex.monster,2,1,0.0,5.3507618065122584e-42,False
allysunne.bsky.social,2,2,0.0,6.427018308002431e-34,False
deepfocusreview.bsky.social,2,1,0.0,5.3507618065122584e-42,False
pyry.lutefisk.online,2,2,0.0,2.4691510120553315e-22,False
ostimejames.bsky.social,2,1,0.0,5.3507618065122584e-42,False
cbbeauty2.bsky.social,2,0,8.297873752829575e-07,9.891223853747353e-56,False
moreandagain.me,2,0,5.808511626980702e-06,6.022400553909226e-36,False
jamnpp.bsky.social,2,0,8.297873752829575e-07,9.891223853747353e-56,False
kcfennessy.bsky.social,2,0,8.297873752829575e-07,9.891223853747353e-56,False
swissepfan.bsky.social,2,3,0.0,1.987324932798109e-30,False
anjaciske.bsky.social,2,2,0.0,6.819404281880921e-36,False
the-cigar-girl.blacksky.app,2,4,1.4106385379810278e-05,1.038130726148748e-34,False
bara.bsky.social,2,1,0.0,5.3507618065122584e-42,False
benwritesthings.bsky.social,2,0,3.31914950113183e-05,3.5990059608918086e-20,False
pupwintermpls.bsky.social,2,0,8.297873752829575e-07,9.891223853747353e-56,False
lisasponaugle.bsky.social,2,1,0.0,8.245794029203017e-43,False
tintinteal.bsky.social,2,0,8.297873752829575e-07,9.891223853747353e-56,False
newyearnewme.bsky.social,2,2,0.0,2.9967579198910773e-31,False
peristy.bsky.social,2,2,2.323404650792281e-05,1.2719810120976634e-21,False
zyfez.bsky.social,2,1,0.0,5.3507618065122584e-42,False
flawedfacade.blacksky.app,2,1,0.0,5.3507618065122584e-42,False
lolafaglana.bsky.social,2,1,8.297873752829575e-07,9.959499306053939e-48,False
tonymcpan.bsky.social,2,2,8.297873752829575e-07,4.080055617176914e-43,False
libbotomy.bsky.social,2,1,0.0,5.3507618065122584e-42,False
patman.bsky.social,2,2,1.659574750565915e-06,8.879036480891221e-43,False
sirihallandren.bsky.social,2,3,1.5765960130376194e-05,3.678482627142464e-31,False
whiskeyandwry.bsky.social,2,2,2.323404650792281e-05,3.1275596671697807e-27,False
ernieluckman.bsky.social,2,1,8.297873752829575e-07,9.959499306053932e-48,False
altaudge.bsky.social,2,1,0.0,5.3507618065122584e-42,False
sabro.bsky.social,2,1,0.0,5.3507618065122584e-42,False
andrewencer.bsky.social,2,2,0.0,2.1222251090359314e-26,False
contrariannews.org,2,0,5.310639201810928e-05,1.1806982721280282e-24,False
dmalignus.eurosky.social,2,1,8.297873752829575e-07,9.959499306053939e-48,False
nicobeast.bsky.social,2,3,0.0,2.977132802360306e-22,False
ohgodwhatdoiput.bsky.social,2,2,0.0,6.374353906253434e-31,False
dude3000.bsky.social,2,1,8.297873752829575e-07,9.959499306053932e-48,False
papalouie.me,2,1,0.0,5.3507618065122584e-42,False
sunflowerboy777.bsky.social,2,1,8.297873752829575e-07,9.959499306053939e-48,False
aliceolilly.bsky.social,2,1,3.153192026075239e-05,3.236276621220783e-26,False
pajamapilots.bsky.social,2,3,0.0,3.7242847791348874e-19,False
dirediredocks.bsky.social,2,0,1.4936172755093236e-05,1.9231906835603176e-26,False
lordbusinessman.bsky.social,2,3,7.468086377546618e-05,2.9242899985319653e-27,False
friendlywraith.bsky.social,2,2,3.070213288546943e-05,3.313870168113435e-21,False
jordanpfot.bsky.social,2,2,0.0,2.641635497694183e-25,False
mulhertamarindo.bsky.social,2,2,0.0,6.819404281880921e-36,False
sullydaysleeper.bsky.social,2,3,0.0,6.6399519856895775e-31,False
smillapanfur.bsky.social,2,2,0.0,0.1683860488641658,False
bettesays.bsky.social,2,2,0.0,2.1222251090359314e-26,False
nsdebbi.bsky.social,2,2,8.297873752829575e-07,4.080055617176914e-43,False
dmmo.bsky.social,2,1,0.0,5.3507618065122584e-42,False
lsaclassof2000.bsky.social,2,2,0.0,4.3484957624729886e-17,False
anntastic.bsky.social,2,1,0.0,5.3507618065122584e-42,False
rilaws.bsky.social,2,1,8.297873752829575e-07,9.959499306053939e-48,False
packers1.bsky.social,2,1,0.0,3.261371821854742e-17,False
dailyrunway.bsky.social,2,0,8.297873752829575e-07,9.891223853747353e-56,False
alexdualgrey.bsky.social,2,4,0.000761744810509755,2.064383354288332e-22,False
georgeswan.bsky.social,2,2,0.0,0.1683860488641658,False
nakedgeekguy.bsky.social,2,0,1.659574750565915e-06,1.583321520011256e-53,False
reclamarilia.bsky.social,2,2,0.0,6.819404281880921e-36,False
mitchpeotter.bsky.social,1,0,0.0,5.801307575073053e-61,False
goodboy.bsky.social,1,1,9.95744850339549e-06,5.769795256458685e-22,False
renattto.bsky.social,1,2,3.31914950113183e-06,8.399149378718743e-36,False
hairybear65.bsky.social,1,1,0.0,3.23927270663022e-20,False
eldritchmoon.love,1,1,0.0,7.199050368084077e-50,False
overstatedpathos.bsky.social,1,1,0.0,5.1527784177072186e-39,False
wbramos.bsky.social,1,1,0.0,7.882662829426867e-36,False
finnhoya.bsky.social,1,1,0.0,2.88503499452406e-43,False
jaydasmiff.me,1,2,0.0,5.3507618065122584e-42,False
therichastill.bsky.social,1,1,0.0,2.905576427565746e-19,False
snipy.bsky.social,1,1,0.0,5.1527784177072186e-39,False
spikesyndrome.bsky.social,1,1,9.95744850339549e-06,5.370244096990415e-34,False
psjuniorfotos.bsky.social,1,1,0.0,7.882662829426867e-36,False
outerpanda.bsky.social,1,0,0.0,5.801307575073053e-61,False
savagelure.bsky.social,1,1,0.0,3.45854993263785e-25,False
tferrer.journa.host.ap.brid.gy,1,1,0.0,7.199050368084077e-50,False
linda0989.bsky.social,1,2,0.0,0.12628953664812434,False
eleder.frikiverse.zone.ap.brid.gy,1,1,0.0,7.199050368084077e-50,False
roopikarisam.bsky.social,1,2,0.0,1.7570809894072958e-20,False
treesofgreen.bsky.social,1,1,0.0,0.0841930244320829,False
rhea.art,1,1,0.0,5.149241239056351e-32,False
zuegex.bsky.social,1,1,0.0,3.730042180459667e-43,False
judeking.bsky.social,1,2,0.0,5.3507618065122584e-42,False
filmvenn.bsky.social,1,1,0.0,7.199050368084077e-50,False
lcandreassen.bsky.social,1,1,0.0,7.199050368084077e-50,False
twittzendo.bsky.social,1,0,0.0,2.0827980410019385e-36,False
finalgirlboss.bsky.social,1,2,0.0,6.380755359112871e-39,False
nikkipearl.bsky.social,1,1,7.136171427433435e-05,1.3821553900622575e-15,False
guabilang.bsky.social,1,1,0.0,9.645668725406587e-24,False
repeattofa.de,1,0,0.0,5.801307575073053e-61,False
millenniumasakura.bsky.social,1,1,0.0,7.199050368084077e-50,False
thecatgang3.bsky.social,1,1,0.0,0.0841930244320829,False
tummy-aches.bsky.social,1,1,7.136171427433435e-05,1.3821553900622575e-15,False
javeauriel.blacksky.app,1,2,0.0,5.3507618065122584e-42,False
thebadness.bsky.social,1,2,0.0,7.366424457473806e-34,False
geodrewmi.bsky.social,1,2,0.0,9.813760701560763e-20,False
neverendingjim.bsky.social,1,1,0.0,8.90804698807943e-48,False
francylene.bsky.social,1,1,0.0,7.199050368084077e-50,False
pablopablete81.bsky.social,1,1,0.0,1.2329796839303607e-24,False
velcroypelusa.eurosky.social,1,2,0.0,1.849469525895541e-24,False
fairlysilent.bsky.social,1,1,0.0,1.6810243507718055e-19,False
mistaketheory.bsky.social,1,1,0.0,7.199050368084077e-50,False
palkopalko.bsky.social,1,1,7.468086377546618e-06,1.3223219262417814e-36,False
lisquercafe.bsky.social,1,1,0.0,7.199050368084077e-50,False
gayofthedead.bsky.social,1,1,0.0,7.199050368084077e-50,False
gaynw.bsky.social,1,1,1.659574750565915e-06,1.583321520011256e-53,False
esthercvtbts.bsky.social,1,1,0.0,7.199050368084077e-50,False
stan-fresh.bsky.social,1,1,0.0,2.548083673747873e-38,False
susanfromontario.bsky.social,1,0,0.0,5.801307575073053e-61,False
ethanrunt.bsky.social,1,1,0.0,7.199050368084077e-50,False
smread.bsky.social,1,2,0.0,3.82212551062181e-38,False
cowbwz4793.bsky.social,1,0,0.0,6.99415146121889e-56,False
matchatrees.bsky.social,1,0,0.0,4.180269438754057e-22,False
gavenkind.bsky.social,1,1,8.297873752829575e-07,9.891223853747353e-56,False
gambitlucis.bsky.social,1,1,0.0,8.524486279596763e-27,False
leewilliamdesigns.bsky.social,1,1,0.0,7.199050368084077e-50,False
evilcheltdevil.bsky.social,1,1,0.0,7.199050368084077e-50,False
hopheadless.bsky.social,1,1,0.0,1.4856193053512523e-28,False
jcc333.bsky.social,1,1,0.00011617023253961405,2.1435259965408966e-27,False
lab-reports.bsky.social,1,1,3.4021282386601256e-05,1.4083385716089944e-15,False
halpocalypse.bsky.social,1,0,0.0,5.801307575073053e-61,False
goldengaytime.bsky.social,1,0,0.0,5.801307575073053e-61,False
cinephile25.bsky.social,1,0,0.0,5.801307575073053e-61,False
razorfemme.bsky.social,1,0,0.0,5.801307575073053e-61,False
breathofthewild82.bsky.social,1,0,0.0,5.801307575073053e-61,False
treesandtrees.bsky.social,1,2,3.485106976188422e-05,2.9488080679947053e-19,False
topherbrennan.bsky.social,1,1,0.0,8.325275810851488e-22,False
princeiiro.bsky.social,1,3,0.00010455320928565265,9.340777580166995e-24,False
thegat0.bsky.social,1,2,0.0,5.3507618065122584e-42,False
flickerbucket.bsky.social,1,2,0.0,5.3507618065122584e-42,False
bobchipman.bsky.social,1,0,0.0,5.801307575073053e-61,False
markharrison.bsky.social,1,1,0.0,7.199050368084077e-50,False
fayecrooks.bsky.social,1,1,0.0,4.732571994919526e-25,False
goldcrapp.bsky.social,1,1,0.0,1.2345755060276658e-22,False
rosemmalove.bsky.social,1,1,0.0,1.7216955028502811e-34,False
littlestpersimmon.bsky.social,1,0,0.0,5.801307575073053e-61,False
tinpottop.bsky.social,1,1,0.0,1.7216955028502811e-34,False
rikabel69.bsky.social,1,1,0.0,8.90804698807943e-48,False
jheniamnd.bsky.social,1,0,0.0,5.801307575073053e-61,False
theluckysharms.bsky.social,1,2,0.0,1.4657682088501381e-36,False
regoneth.bsky.social,1,1,0.0,4.756232716899787e-42,False
pafcakes.bsky.social,1,1,0.0,4.756232716899787e-42,False
raymondlamar.blacksky.app,1,0,0.0,5.801307575073053e-61,False
glennyfromtheblock.bsky.social,1,1,0.0,6.0799079374961225e-24,False
filmstories.bsky.social,1,0,0.0,5.801307575073053e-61,False
ensigncelery.bsky.social,1,1,0.0,7.199050368084077e-50,False
sombramapache.bsky.social,1,1,0.0,7.199050368084077e-50,False
chrisrantin.bsky.social,1,0,0.0,5.801307575073053e-61,False
popculture2000s.bsky.social,1,0,0.0,5.801307575073053e-61,False
ninas1lva.bsky.social,1,1,0.0,7.199050368084077e-50,False
dr4gula.bsky.social,1,2,4.4808518265279707e-05,1.593115525556712e-32,False
vincent.northsky.social,1,1,0.0,8.90804698807943e-48,False
mstewartsloan.bsky.social,1,0,0.0,5.801307575073053e-61,False
ladyfoxglove93.bsky.social,1,1,0.0,1.616736814678916e-15,False
rejectionking.bsky.social,1,0,0.0,5.801307575073053e-61,False
shadyboots81.bsky.social,1,1,7.136171427433435e-05,1.8745673838955822e-16,False
vanitycomplex.bsky.social,1,1,0.0,1.6305593009633515e-37,False
nightrunner5.bsky.social,1,2,0.0,7.368393011820619e-40,False
samjoshphillips.bsky.social,1,1,0.0,7.199050368084077e-50,False
nickinmasham.bsky.social,1,1,0.0,7.199050368084077e-50,False
lyratalise.bsky.social,1,1,0.0,4.756232716899789e-42,False
scotgalalex.bsky.social,1,1,0.0,4.756232716899789e-42,False
filipksu.bsky.social,1,0,0.0,6.99415146121889e-56,False
willian1975.bsky.social,1,1,0.0,7.199050368084077e-50,False
philliper.bsky.social,1,0,0.0,6.99415146121889e-56,False
leslieludanyi.bsky.social,1,1,0.0,8.908046988079435e-48,False
rickhammertime.bsky.social,1,2,0.0,5.3507618065122584e-42,False
marinal1411.bsky.social,1,1,0.0,2.556354961333202e-47,False
sethhyneswriter.bsky.social,1,1,0.0,7.199050368084077e-50,False
nadinewhitney.bsky.social,1,1,0.0,7.199050368084077e-50,False
sugarcane99.bsky.social,1,0,0.0,5.801307575073053e-61,False
livesantacruz.bsky.social,1,2,7.136171427433435e-05,1.4288623324876118e-15,False
victoriangothic.bsky.social,1,1,0.0,2.966894027044602e-16,False
thelittleoutsider.neocities.org,1,2,0.0,2.5215365261577086e-19,False
sleepypilots.bsky.social,1,1,0.0,1.6810243507718055e-19,False
matchmyfrequency.bsky.social,1,2,0.0,2.5215365261577086e-19,False
lovely-lover.bsky.social,1,1,0.0,1.6810243507718055e-19,False
ninametz.bsky.social,1,0,0.0,5.801307575073053e-61,False
rachelsklar.bsky.social,1,2,0.0,1.239358906588962e-28,False
whattheshea.bsky.social,1,1,0.0,8.26239271059308e-29,False
karinafjp.bsky.social,1,2,0.0,5.3507618065122584e-42,False
kateallen.ft.com,1,1,0.0,3.175542935036185e-26,False
katinadavis.bsky.social,1,1,0.0,7.199050368084077e-50,False
lemurtanis.bsky.social,1,1,0.0,7.199050368084077e-50,False
katzish.bsky.social,1,1,8.297873752829575e-07,9.891223853747353e-56,False
clarajeffery.bsky.social,1,0,0.0,6.99415146121889e-56,False
kenjimallon.bsky.social,1,1,0.0,1.3433126501522736e-26,False
scottlapstra.bsky.social,1,1,0.0,4.732571994919526e-25,False
nsbooklady.bsky.social,1,1,0.0,2.88503499452406e-43,False
ypbpr.pw,1,0,0.0,5.801307575073053e-61,False
thewillarowe.bsky.social,1,0,0.0,5.801307575073053e-61,False
yetyetinu.bsky.social,1,3,0.0,6.819404281880921e-36,False
thegeekiary.bsky.social,1,0,0.0,5.801307575073053e-61,False
kutthroat2.bsky.social,1,2,0.0,4.773729585304132e-32,False
shebjammin.blacksky.app,1,2,9.95744850339549e-06,2.378919413144674e-35,False
taastee.blacksky.app,1,1,0.0,2.2351471523616134e-35,False
mythghts.bsky.social,1,1,0.0,4.956641424133973e-35,False
adrianhon.bsky.social,1,0,0.0,5.801307575073053e-61,False
lobosificado.bsky.social,1,1,0.0,6.142192783715159e-25,False
alewatches.bsky.social,1,0,0.0,5.801307575073053e-61,False
mohawkthebigkahuna.bsky.social,1,2,8.297873752829575e-07,9.959499306053932e-48,False
northflagay.bsky.social,1,2,0.0,5.618712349907433e-26,False
williamgprince.bsky.social,1,1,0.0,3.745808233271622e-26,False
andryta.bsky.social,1,0,0.0,5.801307575073053e-61,False
marzipanladyart.bsky.social,1,1,0.0,7.199050368084077e-50,False
rimoluna.bsky.social,1,1,0.0,7.199050368084077e-50,False
mattaiwarrior.bsky.social,1,1,0.0,1.616736814678916e-15,False
screenrant.bsky.social,1,0,0.0,5.801307575073053e-61,False
violethour.bsky.social,1,1,0.0,1.2767996462932205e-27,False
mikeyjmike.bsky.social,1,2,0.0,5.3507618065122584e-42,False
joelskeetsos.bsky.social,1,0,0.0,5.801307575073053e-61,False
nymag.com,1,0,0.0,5.801307575073053e-61,False
meganhuang.bsky.social,1,1,0.0,7.199050368084077e-50,False
pinkpip.bsky.social,1,1,0.0,7.199050368084077e-50,False
megsokay.bsky.social,1,1,0.0,3.45854993263785e-25,False
captainrodimus.bsky.social,1,0,0.0,5.801307575073053e-61,False
srviteri.bsky.social,1,0,0.0,5.801307575073053e-61,False
mia-ironeyes.northsky.social,1,1,0.0,3.45854993263785e-25,False
thatsparkles.bsky.social,1,1,7.136171427433435e-05,1.3821553900622575e-15,False
peta.org,1,0,0.0,4.454023494039715e-48,False
vegankhan.bsky.social,1,1,0.0,8.90804698807943e-48,False
tfae89.bsky.social,1,4,0.0,2.2920193924536378e-30,False
onethousxndvces.bsky.social,1,0,0.0,5.801307575073053e-61,False
lookniimyeyez.bsky.social,1,2,0.0,3.601276742397701e-32,False
nzpom.com,1,1,0.0,4.756232716899787e-42,False
louis88.bsky.social,1,1,0.0,7.199050368084077e-50,False
trishmelbourne.bsky.social,1,1,0.0,7.199050368084077e-50,False
markhachman.bsky.social,1,1,0.0,8.908046988079435e-48,False
lud7emo.bsky.social,1,1,0.0,1.3252321421519286e-22,False
msash-renee.bsky.social,1,1,0.0,4.598096030880424e-35,False
maralynmaralyn.bsky.social,1,0,0.0,5.801307575073053e-61,False
mrtoads.bsky.social,1,1,0.0,2.905576427565746e-19,False
lyndalovon.bsky.social,1,1,0.0,2.4523002932669077e-29,False
ruchomuscleworship.bsky.social,1,0,0.0,5.801307575073053e-61,False
troublecumsround.bsky.social,1,0,0.0,5.801307575073053e-61,False
rachaelcamui.bsky.social,1,1,0.0,8.524486279596763e-27,False
ryanwritesgood.bsky.social,1,1,0.0,8.524486279596763e-27,False
slimetictacs.bsky.social,1,1,0.0,8.524486279596763e-27,False
woketopus.northsky.social,1,1,0.0,8.524486279596763e-27,False
vaguelynerdypod.bsky.social,1,0,0.0,5.801307575073053e-61,False
whytetara.bsky.social,1,0,0.0,5.801307575073053e-61,False
hanamimi.bsky.social,1,0,0.0,5.801307575073053e-61,False
nordacious.bsky.social,1,0,0.0,5.801307575073053e-61,False
jumancin.bsky.social,1,1,0.0,7.199050368084077e-50,False
harbingerofchaos.bsky.social,1,2,3.31914950113183e-05,5.47932923440755e-29,False
bastidrs.bsky.social,1,0,0.0,5.801307575073053e-61,False
pajiba.com,1,0,0.0,5.801307575073053e-61,False
hotbbui.bsky.social,1,2,0.0,5.3507618065122584e-42,False
hristaki.bsky.social,1,1,0.0,7.199050368084077e-50,False
stephenarussell.bsky.social,1,1,0.0,7.199050368084077e-50,False
hynkel.bsky.social,1,1,1.659574750565915e-06,1.5799142534133426e-47,False
puppygirlchaos.bsky.social,1,2,0.0,7.041004231137775e-41,False
silencingtrees.bsky.social,1,2,0.0,4.858909059945329e-20,False
idajo.bsky.social,1,1,0.0,9.645668725406587e-24,False
problematick.bsky.social,1,1,0.0,2.548083673747873e-38,False
imaaronrobert.bsky.social,1,1,0.0,1.1908531209441224e-22,False
orbette.bsky.social,1,1,0.0,1.2538421431134577e-25,False
incision.site,1,2,0.0,5.3507618065122584e-42,False
timcampbellvo.bsky.social,1,1,0.0,4.497266541624503e-32,False
infiniteishq.bsky.social,1,1,0.0,7.199050368084077e-50,False
myedison.bsky.social,1,1,0.0,7.199050368084077e-50,False
quendergeer.bsky.social,1,1,3.31914950113183e-05,1.6237903587886396e-27,False
michaelflinn.bsky.social,1,1,6.63829900226366e-06,2.0763023601836618e-35,False
owwenex.bsky.social,1,0,0.0,5.801307575073053e-61,False
nancyk5.bsky.social,1,0,0.0,5.801307575073053e-61,False
vamospeat.bsky.social,1,0,0.0,5.801307575073053e-61,False
quennybeep.bsky.social,1,2,0.0,5.3507618065122584e-42,False
smallbonsai471.bsky.social,1,0,0.0,5.801307575073053e-61,False
hitmypeakat7ft.swifties.social,1,2,0.0,5.3507618065122584e-42,False
meister.bsky.social,1,1,0.0,7.199050368084077e-50,False
snhoj.bsky.social,1,1,0.0,1.8612281909158983e-29,False
kencometrue31.bsky.social,1,0,0.0,5.801307575073053e-61,False
solzyatthemovies.com,1,0,0.0,5.801307575073053e-61,False
xraynaqueen.bsky.social,1,2,7.42659700878247e-05,4.370221340713246e-16,False
broccolirob.gobirds.online,1,0,0.0,5.801307575073053e-61,False
heatherw25.bsky.social,1,1,0.0,2.88503499452406e-43,False
helenrottier.bsky.social,1,1,0.0,7.199050368084077e-50,False
kizzythechemist.bsky.social,1,1,0.0,7.199050368084077e-50,False
rakerblaze.bsky.social,1,0,0.0,5.801307575073053e-61,False
ratchetology.bsky.social,1,1,1.659574750565915e-06,1.8936165512193283e-16,False
lilemil.bsky.social,1,1,0.0,3.830412432106778e-15,False
melanieraye89.bsky.social,1,2,0.0,5.745618648160168e-15,False
nanaslugdiva.blacksky.app,1,2,0.0,5.745618648160168e-15,False
ryanlohner.bsky.social,1,1,0.0,3.830412432106778e-15,False
comicbasics.com,1,0,0.0,5.801307575073053e-61,False
jcov.bsky.social,1,0,0.0,2.827345335029104e-26,False
diflaversham.bsky.social,1,0,0.0,5.801307575073053e-61,False
hilarieashton.bsky.social,1,2,0.00034353197336714443,3.1680117164810476e-27,False
hipsterl0s.bsky.social,1,1,0.0,7.199050368084077e-50,False
ivyinmyheart.bsky.social,1,1,0.0,8.524486279596763e-27,False
prettybutshit.bsky.social,1,1,0.0,7.199050368084077e-50,False
pipoquer.bsky.social,1,1,0.0,7.199050368084077e-50,False
sheepbop.bsky.social,1,2,0.0,5.3507618065122584e-42,False
patrickwb95.bsky.social,1,1,0.0,7.199050368084077e-50,False
spryoldlorax.bsky.social,1,2,0.0,9.012611103209195e-21,False
thejrocktv.bsky.social,1,2,0.0,5.3507618065122584e-42,False
jmrivera.bsky.social,1,1,0.0,7.199050368084077e-50,False
lexplays.bsky.social,1,1,0.0,7.199050368084077e-50,False
joereid.bsky.social,1,1,0.0,8.908046988079435e-48,False
natizilda.art.br,1,0,0.0,5.801307575073053e-61,False
patbarber20.bsky.social,1,1,0.0,2.88503499452406e-43,False
jona-maz.bsky.social,1,3,0.0,4.822703015565418e-27,False
philippeaubertcote.bsky.social,1,2,0.0,5.3507618065122584e-42,False
samwell-slughorn.bsky.social,1,1,1.2446810629244363e-05,9.147848741152072e-35,False
thedragonfortress.bsky.social,1,0,0.0,5.801307575073053e-61,False
joodlehead.bsky.social,1,3,8.712767440471054e-05,1.9457501852112022e-20,False
josephexists.bsky.social,1,2,0.0,2.0149689752284105e-26,False
joshidotphoto.bsky.social,1,1,0.0,1.4142469615079438e-31,False
ourobororoboruo.bsky.social,1,2,5.808511626980702e-06,2.539440101206679e-29,False
tapeworthy.bsky.social,1,2,0.0,5.3507618065122584e-42,False
tzemingdynasty.bsky.social,1,2,0.0,3.6784504399003617e-29,False
transmoleman.bsky.social,1,0,0.0,5.801307575073053e-61,False
jirachi.bsky.social,1,1,0.0,7.199050368084077e-50,False
mollyjongfast.bsky.social,1,0,0.0,5.801307575073053e-61,False
fictionhorizon.bsky.social,1,0,0.0,5.801307575073053e-61,False
seanhoyer.bsky.social,1,1,0.0,7.199050368084077e-50,False
arrobagaf.bsky.social,1,0,0.0,5.801307575073053e-61,False
weaselingaround.bsky.social,1,1,0.0,1.1908531209441224e-22,False
madocactus.itch.io,1,0,0.0,3.974649865596218e-31,False
huffpost.com,1,0,0.0,5.801307575073053e-61,False
jameslrennie.bsky.social,1,1,4.1489368764147876e-07,9.923035951587936e-27,False
saraclements.bsky.social,1,0,0.0,5.801307575073053e-61,False
spotteajj.bsky.social,1,0,0.0,5.801307575073053e-61,False
handle.invalid,1,0,0.0,5.801307575073053e-61,False
stephenstroud.bsky.social,1,1,0.0,7.199050368084077e-50,False
philsbodydouble.bsky.social,1,1,0.0,7.199050368084077e-50,False
changoatx.bsky.social,1,0,0.0,5.801307575073053e-61,False
jayasaxena.com,1,1,0.0,7.199050368084077e-50,False
tylercoates.bsky.social,1,1,0.0,7.199050368084077e-50,False
jayzedbee.bsky.social,1,1,0.0,1.3877933545807256e-25,False
spannerhead.bsky.social,1,2,0.0,4.780765429690076e-31,False
lulzqurrel.bsky.social,1,1,0.0,7.431202537579523e-35,False
percivalpenman.bsky.social,1,2,1.5765960130376194e-05,2.6654562263137165e-25,False
stereogum.com,1,0,0.0,5.801307575073053e-61,False
jessicamosby.bsky.social,1,1,0.0,7.199050368084077e-50,False
thomasfelpersham.bsky.social,1,1,1.4936172755093236e-05,2.7986338293607894e-26,False
michaelmccarthy92.bsky.social,1,1,0.0,7.199050368084077e-50,False
undeadrobins.bsky.social,1,1,0.0,7.199050368084077e-50,False
moviemanifesto.bsky.social,1,1,0.0,7.199050368084077e-50,False
catherineedgson.bsky.social,1,1,0.0,7.199050368084077e-50,False
anarchyoriginal.bsky.social,1,1,0.0,7.199050368084077e-50,False
dria.bsky.social,1,0,0.0,4.4540234940397177e-48,False
chicagotribune.com,1,0,0.0,5.801307575073053e-61,False
chacofemme.lesbian.cat,1,1,0.0,8.908046988079435e-48,False
sangrium.is-extremely.gay,1,0,0.0,5.801307575073053e-61,False
tiredbit.ch,1,1,0.0,5.149241239056351e-32,False
fran.pw,1,0,0.0,5.801307575073053e-61,False
trollyman.bsky.social,1,2,0.0,5.3507618065122584e-42,False
chaseruni.bsky.social,1,1,0.0,7.199050368084077e-50,False
flexdad.bsky.social,1,1,0.0,7.199050368084077e-50,False
amanaboutfilm.bsky.social,1,1,0.0,7.199050368084077e-50,False
egg.indy.fyi,1,1,2.655319600905464e-05,7.647301630260041e-29,False
dr0girl.bsky.social,1,0,0.0,5.801307575073053e-61,False
fucklandlords.com,1,2,0.0,5.3507618065122584e-42,False
knickerbacker.bsky.social,1,0,0.0,5.801307575073053e-61,False
ccdude8.bsky.social,1,1,6.679788371027808e-05,1.3869172128605814e-15,False
porosensual.bsky.social,1,1,0.0,1.216058202057149e-31,False
cathectic.bsky.social,1,1,0.0,4.2538369060752484e-39,False
renatabsales.bsky.social,1,2,0.0,1.824087303085723e-31,False
shipatadistance.bsky.social,1,2,0.0,5.3507618065122584e-42,False
brandonyan.com,1,1,0.0,7.199050368084077e-50,False
candiceactually.bsky.social,1,2,0.0,5.3507618065122584e-42,False
thebagisyourscoach.bsky.social,1,0,0.0,5.801307575073053e-61,False
angelahjkim.bsky.social,1,1,0.0,7.199050368084077e-50,False
joannat.bsky.social,1,1,0.0,5.114553211410675e-36,False
elaineynwa.bsky.social,1,2,0.0,7.671829817116014e-36,False
captainmcwow.bsky.social,1,1,0.0,7.199050368084077e-50,False
screamingdeadbody.bsky.social,1,1,0.0,7.199050368084077e-50,False
car0linethais.bsky.social,1,2,0.0,7.041004231137777e-41,False
joparkerbear.bsky.social,1,1,3.31914950113183e-05,1.6237903587886396e-27,False
wesleyleblanc.bsky.social,1,0,0.0,5.801307575073053e-61,False
playsbothsides.bsky.social,1,2,0.0,5.3507618065122584e-42,False
nonotthatpaul.bsky.social,1,1,8.29787375282957e-06,2.252085045568913e-27,False
dalyashleydrh2o.bsky.social,1,2,0.0,7.041004231137777e-41,False
xanderoconnor.bsky.social,1,3,3.31914950113183e-06,2.0836382776724886e-27,False
chrisafer.bsky.social,1,2,0.0,1.851863259041499e-22,False
unenthuser.bsky.social,1,0,0.0,5.801307575073053e-61,False
platonskull.bsky.social,1,1,0.0,2.955170953247201e-25,False
wdragon.bsky.social,1,0,0.0,1.1202142232591078e-31,False
cinquinho.bsky.social,1,1,0.0,9.771788059000922e-37,False
citizenkris24.bsky.social,1,1,0.0,1.050811483179416e-33,False
stephendaedalus.bsky.social,1,1,0.0,8.90804698807943e-48,False
permission2bfancy.bsky.social,1,1,0.0,2.955170953247201e-25,False
erinbiba.bsky.social,1,2,0.0,6.380755359112871e-39,False
normiecore.bsky.social,1,2,0.0,4.432756429870802e-25,False
sparklecinnabubz.bsky.social,1,1,0.0,7.199050368084077e-50,False
mark151.bsky.social,1,0,0.0,5.801307575073053e-61,False
alishaspillswine.bsky.social,1,1,0.0,7.199050368084077e-50,False
girlcinema.bsky.social,1,0,0.0,5.801307575073053e-61,False
claudinhabc.bsky.social,1,2,0.0,5.3507618065122584e-42,False
alicesoapbox.bsky.social,1,1,0.0,4.756232716899787e-42,False
manycura.bsky.social,1,1,0.0,7.199050368084077e-50,False
alexxremake.eurosky.social,1,1,0.0,7.199050368084077e-50,False
tecoapple.com,1,0,0.0,1.1202142232591078e-31,False
omelete.com.br,1,0,0.0,1.1202142232591078e-31,False
abundantmischief.bsky.social,1,0,0.0,5.801307575073053e-61,False
laffingbuddha.bsky.social,1,1,0.0,8.90804698807943e-48,False
nickafterdark.bsky.social,1,1,0.0,7.199050368084077e-50,False
chrissayshi.bsky.social,1,1,0.0,1.3318127543337238e-20,False
almostalt617.bsky.social,1,1,0.0,7.199050368084077e-50,False
frizfrizzle.bsky.social,1,0,0.0,5.801307575073053e-61,False
stevekend33.bsky.social,1,1,0.0,4.2538369060752484e-39,False
spkheller.bsky.social,1,1,0.0,7.199050368084077e-50,False
harmsen.net,1,0,0.0,5.801307575073053e-61,False
us.theconversation.com,1,0,0.0,5.801307575073053e-61,False
allisonkilkenny.bsky.social,1,1,0.0,7.199050368084077e-50,False
aquelefilme.bsky.social,1,0,0.0,1.1202142232591078e-31,False
cnn-brasil.bsky.social,1,0,0.0,1.1202142232591078e-31,False
diegoquaglia.bsky.social,1,0,0.0,1.1202142232591078e-31,False
whatsforlynch.bsky.social,1,2,0.0,4.432756429870802e-25,False
meumundopop.bsky.social,1,0,0.0,1.1202142232591078e-31,False
umaenot.bsky.social,1,1,0.0,2.955170953247201e-25,False
annakornbluh.bsky.social,1,1,0.0,1.1713873262715305e-20,False
paulino-gui.bsky.social,1,1,0.0,3.3027006349979044e-41,False
vampiregrin.bsky.social,1,1,0.0,2.88503499452406e-43,False
traitor45.bsky.social,1,1,5.310639201810928e-05,2.4132350811907203e-25,False
baconflatbread.bsky.social,1,1,0.0,1.6305593009633515e-37,False
bigjohn8.bsky.social,1,1,0.0,4.2538369060752484e-39,False
untitleduser.bsky.social,1,0,0.0,5.801307575073053e-61,False
babybillybfyre.bsky.social,1,1,0.0,5.954881207981328e-43,False
lukevallewrites.bsky.social,1,1,0.0,7.199050368084077e-50,False
awardswatch.bsky.social,1,1,0.0,7.199050368084077e-50,False
nderringer.bsky.social,1,0,0.0,5.801307575073053e-61,False
mockwooloo.bsky.social,1,2,0.0,7.041004231137775e-41,False
martina47.bsky.social,1,2,2.323404650792281e-05,4.490074264580987e-22,False
blake105.bsky.social,1,3,8.297873752829575e-07,1.7222305071871788e-31,False
cesmustache.bsky.social,1,1,0.0,1.5878705293281142e-31,False
emilycgb.bsky.social,1,0,0.0,5.801307575073053e-61,False
auspices.bsky.social,1,2,0.0,5.745618648160168e-15,False
jordansmix.bsky.social,1,1,3.070213288546943e-05,1.6458254969550363e-20,False
blogus.bsky.social,1,1,0.0,8.325275810851488e-22,False
aubreygilleran.bsky.social,1,1,0.0,6.879946102387141e-28,False
ttrenae.bsky.social,1,1,0.0,7.199050368084077e-50,False
vintagewingnut.bsky.social,1,1,0.0,7.199050368084077e-50,False
badgerbleu2.bsky.social,1,1,0.0,2.1742478812364943e-17,False
sacpedrohs.bsky.social,1,1,6.63829900226366e-06,2.0763023601836618e-35,False
bastbuxxx.bsky.social,1,1,0.0,6.542507134373841e-20,False
moviessilently.bsky.social,1,0,0.0,5.801307575073053e-61,False
willis-paints.bsky.social,1,2,0.0,5.3507618065122584e-42,False
beardynoise.bsky.social,1,1,0.0,1.1373084918799307e-21,False
banblew.bsky.social,1,2,0.0,1.0975402320643018e-20,False
beckylevine.bsky.social,1,1,0.0,7.199050368084077e-50,False
carriefinison.bsky.social,1,1,0.0,7.199050368084077e-50,False
lorritto.bsky.social,1,1,0.0,2.4610310938423986e-24,False
baldjameswin.bsky.social,1,2,5.310639201810928e-05,8.822133391359248e-24,False
zabusan.bsky.social,1,0,0.0,5.801307575073053e-61,False
bakesdeb.bsky.social,1,1,0.0,2.4742141139506514e-31,False
joanofbarc.bsky.social,1,0,0.0,5.801307575073053e-61,False
bellabanana.bsky.social,1,2,0.0,2.5865131728227455e-34,False
benjwey.bsky.social,1,1,0.0,8.908046988079435e-48,False
bertjim.bsky.social,1,2,0.0,1.7381300836488352e-15,False
tomatematemate.bsky.social,1,0,0.0,5.801307575073053e-61,False
bluetit24.bsky.social,1,1,0.0,7.199050368084077e-50,False
wildsown.bsky.social,1,1,0.0,7.199050368084077e-50,False
breaksthings.bsky.social,1,2,0.0,4.858909059945329e-20,False
trappedinazorb.bsky.social,1,1,4.978724251697745e-06,1.0538198787075176e-50,False
michaelgrossauthor.bsky.social,1,0,0.0,5.801307575073053e-61,False
thenowofmylife.bsky.social,1,1,0.0,7.199050368084077e-50,False
wardo188.bsky.social,1,1,0.0,7.199050368084077e-50,False
brucerfeldman.bsky.social,1,2,0.0,5.3507618065122584e-42,False
wrenispinkle.bsky.social,1,1,0.0,7.199050368084077e-50,False
aoife-rose.bsky.social,1,1,0.0,2.7345153159244686e-15,False
ashlenasharma.bsky.social,1,0,0.0,5.801307575073053e-61,False
kslater.bsky.social,1,0,0.0,5.801307575073053e-61,False
antlerlad.bsky.social,1,2,0.0,7.041004231137777e-41,False
tyrotcm.bsky.social,1,1,0.0,7.199050368084077e-50,False
anthrotechana.bsky.social,1,1,0.0,7.199050368084077e-50,False
outonthemoors.bsky.social,1,0,0.0,5.801307575073053e-61,False
tomandlorenzo.bsky.social,1,1,0.0,3.45854993263785e-25,False
byron2284.bsky.social,1,1,0.0,1.2125236862650294e-22,False
jsthrill.modphi.com,1,3,0.0,6.819404281880921e-36,False
terrorflix2.bsky.social,1,0,0.0,5.801307575073053e-61,False
aliafonzy.blacksky.app,1,0,0.0,5.801307575073053e-61,False
mushqoom.bsky.social,1,1,0.0,2.88503499452406e-43,False
softmossdog.bsky.social,1,2,0.0,5.3507618065122584e-42,False
deadweightlks.bsky.social,1,0,0.0,5.801307575073053e-61,False
bonecarussa.bsky.social,1,1,5.642554151924111e-05,6.404826492753396e-32,False
batgirldeb.bsky.social,1,0,0.0,5.801307575073053e-61,False
boothoundmcr.bsky.social,1,2,0.0,2.1213704422619155e-31,False
fllicsofficial.bsky.social,1,0,0.0,5.801307575073053e-61,False
victorieux.bsky.social,1,1,0.0,7.199050368084077e-50,False
oldbaby.bsky.social,1,0,0.0,5.801307575073053e-61,False
vulnicura-jc.bsky.social,1,1,0.0,7.199050368084077e-50,False
ricowtta.bsky.social,1,1,0.0,1.050811483179416e-33,False
chakram84.bsky.social,1,1,0.0,7.316934880428679e-21,False
bozodeluxe.bsky.social,1,1,0.0,1.0611125545179657e-26,False
scribblerrob.bsky.social,1,0,0.0,5.801307575073053e-61,False
whmpodcast.bsky.social,1,0,0.0,5.801307575073053e-61,False
makeitvyz.bsky.social,1,1,0.0,2.88503499452406e-43,False
rekati.bsky.social,1,1,7.136171427433435e-05,1.3821553900622575e-15,False
barrocoabsurdo.bsky.social,1,1,0.0,1.2329796839303607e-24,False
eu-health.bsky.social,1,0,0.0,5.801307575073053e-61,False
dartmouthdogs.bsky.social,1,1,0.0,2.88503499452406e-43,False
tomarmbruster.bsky.social,1,1,0.0,7.199050368084077e-50,False
starmanani.bsky.social,1,1,0.0,2.88503499452406e-43,False
donnairl.bsky.social,1,2,0.0,5.3507618065122584e-42,False
daviddaniel.bsky.social,1,1,0.0,7.199050368084077e-50,False
tjamesdobbin.bsky.social,1,0,0.0,5.801307575073053e-61,False
acetennisfan1.bsky.social,1,1,0.0,7.40798166654001e-20,False
cethanleahy.com,1,0,0.0,5.801307575073053e-61,False
karenkburrows.bsky.social,1,0,0.0,5.801307575073053e-61,False
lisalueylutes.bsky.social,1,0,0.0,5.801307575073053e-61,False
rexs1gma.bsky.social,1,0,0.0,5.801307575073053e-61,False
skyfatherwolf.bsky.social,1,1,3.31914950113183e-06,3.267255405286307e-49,False
lottelydia.bsky.social,1,0,0.0,5.801307575073053e-61,False
shanavwhite.blacksky.app,1,2,0.0,3.82212551062181e-38,False
chiron1.bsky.social,1,0,0.0,5.801307575073053e-61,False
daresaypj.bsky.social,1,1,0.0,3.579180777561304e-25,False
migelianope.bsky.social,1,1,0.0,7.199050368084077e-50,False
darkwingmatt.bsky.social,1,1,0.0,6.542507134373841e-20,False
cosmicshambles.com,1,1,0.0,6.226879978091436e-38,False
drdauwg.bsky.social,1,1,6.472341527207069e-05,2.8538326820805094e-28,False
adamzucker.bsky.social,1,1,0.0,7.199050368084077e-50,False
4gr1d0c3.bsky.social,1,1,0.0,2.548083673747873e-38,False
daveyblahblah.bsky.social,1,0,0.0,5.801307575073053e-61,False
kaizhen.bsky.social,1,1,9.459576078225716e-05,1.6254178211403152e-27,False
mrsantiagus.bsky.social,1,1,0.0,8.908046988079435e-48,False
zacharylesser.bsky.social,1,1,0.0,7.199050368084077e-50,False
netodojo.bsky.social,1,0,0.0,5.801307575073053e-61,False
shadda.bsky.social,1,1,0.0,7.785781976359641e-38,False
mattyb123.bsky.social,1,1,0.0,7.199050368084077e-50,False
p-no-nwa.bsky.social,1,1,0.0,2.123495961192956e-37,False
varindel.bsky.social,1,0,0.0,5.801307575073053e-61,False
sarafoss.bsky.social,1,2,0.0,3.1852439417894347e-37,False
7dreamondreamer.bsky.social,1,2,0.0,1.4335666031492491e-27,False
jedijoe.bsky.social,1,0,0.0,5.801307575073053e-61,False
aaronlara.bsky.social,1,1,0.0,3.745808233271622e-26,False
djksays.bsky.social,1,1,0.0,5.111711301769791e-46,False
disneyoldsters.dissky.com,1,1,0.0,2.88503499452406e-43,False
aaubin.bsky.social,1,1,0.0,8.26239271059308e-29,False
digforfire.bsky.social,1,1,0.0,8.524486279596763e-27,False
nicktyde.bsky.social,1,2,0.0,5.3507618065122584e-42,False
isaac32767.picknit.com,1,1,0.0,2.88503499452406e-43,False
disabilitystor1.bsky.social,1,1,0.0,2.88503499452406e-43,False
vange-r.bsky.social,1,2,0.0,6.856008560321564e-33,False
elisatc.bsky.social,1,2,0.0,6.856008560321564e-33,False
jakobjarecki.bsky.social,1,1,0.0,7.199050368084077e-50,False
destinysraven.bsky.social,1,1,0.0,7.199050368084077e-50,False
indrekibrus.bsky.social,1,0,0.0,5.801307575073053e-61,False
demontwunk9.bsky.social,1,1,0.00011285108303848223,4.223965625946721e-21,False
janicefilms.bsky.social,1,1,0.0,1.967476560943867e-23,False
luizhgomes.bsky.social,1,0,0.0,5.801307575073053e-61,False
demadevotee.bsky.social,1,2,0.0,1.9140827384984422e-19,False
drjudymelinek.bsky.social,1,1,0.0,7.199050368084077e-50,False
delwynm.bsky.social,1,1,0.0,7.199050368084077e-50,False
abh93.bsky.social,1,1,2.655319600905464e-05,2.1303090023217988e-27,False
zoomzeta.blackskycomra.de,1,2,0.0,5.3507618065122584e-42,False
timgrierson.bsky.social,1,0,0.0,5.801307575073053e-61,False
doctordom.bsky.social,1,2,0.000136914916921688,3.2925557596669167e-20,False
russellwrites.bsky.social,1,0,0.0,5.801307575073053e-61,False
dcwritermark.bsky.social,1,2,0.0,3.6784504399003617e-29,False
8bithe.art,1,2,0.0,7.723861858584526e-32,False
2intheshinx.bsky.social,1,1,0.0,7.199050368084077e-50,False
dkub.dev,1,1,0.0,1.2345755060276658e-22,False
danwaterfield.bsky.social,1,1,0.0,1.3877933545807256e-25,False
avaonline.bsky.social,1,0,0.0,5.801307575073053e-61,False
ahab.bsky.social,1,1,0.0,7.199050368084077e-50,False
starlady38.bsky.social,1,1,0.0,7.199050368084077e-50,False
urban.bsky.social,1,1,3.070213288546943e-05,1.6458254969550363e-20,False
aicdoesk.ink,1,2,0.0,2.1213704422619155e-31,False
aishamcnamara.bsky.social,1,1,0.0,2.905576427565746e-19,False
fdefantasmas.bsky.social,1,1,0.0,7.199050368084077e-50,False
crowleyelworc.bsky.social,1,1,0.0,7.199050368084077e-50,False
ladygaganow.net,1,0,0.0,5.801307575073053e-61,False
lewiru.bsky.social,1,0,0.0,8.482265413486496e-45,False
sulemiomercury.butchsky.social,1,1,0.0,1.6964530826972993e-44,False
dbauer09.bsky.social,1,1,0.0,8.178910458549915e-28,False
bpdreview.bsky.social,1,2,0.0,5.3507618065122584e-42,False
euronews.com,1,0,0.0,5.801307575073053e-61,False
aitchemcee283.bsky.social,1,2,0.0,5.3507618065122584e-42,False
ninejackals.bsky.social,1,1,0.0,7.199050368084077e-50,False
alangrofield.bsky.social,1,1,0.0,4.138490062546669e-27,False
eddieprinceton.bsky.social,1,1,0.0,3.830412432106778e-15,False
1800000burn.hyper.wang,1,1,0.0,7.199050368084077e-50,False
teapotrabbit.bsky.social,1,2,8.297873752829575e-07,9.959499306053939e-48,False
coreyg2.bsky.social,1,1,0.0,8.908046988079435e-48,False
corey0michaels.bsky.social,1,2,0.0,5.745618648160168e-15,False
maserrano.bsky.social,1,2,0.0,3.82212551062181e-38,False
waningibbous.bsky.social,1,1,0.0,7.199050368084077e-50,False
conorsen.bsky.social,1,1,0.0,7.199050368084077e-50,False
sleepinggiantsbr.bsky.social,1,0,0.0,5.801307575073053e-61,False
squints.bsky.social,1,0,0.0,5.801307575073053e-61,False
ooklah.bsky.social,1,0,0.0,5.801307575073053e-61,False
eepybruh.bsky.social,1,1,0.0,3.23927270663022e-20,False
davidstrathdee.bsky.social,1,1,0.0,6.821453455507899e-26,False
cuntleyjune.bsky.social,1,1,0.0,5.11171130176979e-46,False
dynode.eurosky.social,1,1,0.0,5.149241239056351e-32,False
27cansoftuna.bsky.social,1,1,0.0,7.199050368084077e-50,False
d2kemps.bsky.social,1,1,0.0,8.908046988079435e-48,False
dangrey.bsky.social,1,2,0.0,7.36839301182062e-40,False
dykehollander.bsky.social,1,1,0.0,7.199050368084077e-50,False
danielsohege.bsky.social,1,1,7.468086377546618e-06,1.1648176735923977e-36,False
chronolynx.bsky.social,1,1,0.0,7.199050368084077e-50,False
afishcalledwanda.bsky.social,1,1,0.0,7.199050368084077e-50,False
shnopsdejesus.bsky.social,1,1,0.0,7.199050368084077e-50,False
aftermark.bsky.social,1,1,2.655319600905464e-05,3.7164036444292143e-28,False
danrather.bsky.social,1,1,0.0,8.90804698807943e-48,False
vidalporter.bsky.social,1,1,0.0,5.111711301769787e-46,False
mrsbobhere.bsky.social,1,2,0.0,3.82212551062181e-38,False
rmuird.bsky.social,1,1,0.0,2.548083673747873e-38,False
komishits.bsky.social,1,1,0.0,7.199050368084077e-50,False
mattbr.bsky.social,1,0,0.0,5.801307575073053e-61,False
rattatatouille.bsky.social,1,1,5.144681726754337e-05,2.1321658112689907e-27,False
mgayultra.bsky.social,1,0,0.0,5.801307575073053e-61,False
zrau.bsky.social,0,1,0.0,4.885894029500461e-37,False
mightymog.bsky.social,0,1,0.0,4.262243139798382e-27,False
orca19904.bsky.social,0,1,0.0,5.399287776063064e-50,False
michaelraywilliams.bsky.social,0,1,0.0,1.434955795823769e-16,False
oldhobbit.bsky.social,0,1,0.0,2.637550145920124e-26,False
nulltwist.bsky.social,0,1,0.0,1.61963635331511e-20,False
oldgirl54.bsky.social,0,1,0.0,5.801307575073053e-61,False
obsidianwalker.bsky.social,0,1,0.0,2.637550145920124e-26,False
nsparks.bsky.social,0,1,0.0,1.3672576579622343e-15,False
mightyzim.bsky.social,0,1,0.0,2.637550145920124e-26,False
mikal-el.com,0,1,0.0,5.801307575073053e-61,False
veronicasam13.bsky.social,0,1,0.0,3.365993909029273e-26,False
zamyoculca.bsky.social,0,1,0.0,6.904478459967264e-48,False
vanlighet.bsky.social,0,1,0.0,1.3672576579622343e-15,False
midwestjeff.bsky.social,0,1,0.0,6.99415146121889e-56,False
vaudindavid.bsky.social,0,1,0.0,5.801307575073053e-61,False
yuweiquan.bsky.social,0,1,0.0,1.2261501466334539e-29,False
val250263.bsky.social,0,2,0.0,7.882662829426867e-36,False
vaiamrda.bsky.social,0,1,0.0,4.70410802079125e-30,False
veleda-k.bsky.social,0,1,0.0,4.089455229274958e-28,False
millerfilm.bsky.social,0,1,0.0,5.801307575073053e-61,False
vexed-patriarch.bsky.social,0,1,0.0,5.801307575073053e-61,False
vanderdecken.bsky.social,0,1,0.0,2.4554748191579356e-34,False
microveldt.bsky.social,0,1,0.0,1.3672576579622343e-15,False
orangecoloredsky.bsky.social,0,1,0.0,1.5245578593751102e-41,False
yaswinart.com.br,0,1,0.0,6.080291010285745e-32,False
often.codes,0,1,0.0,2.637550145920124e-26,False
migbeaty.bsky.social,0,1,0.0,1.6067545770006078e-34,False
zerocrossing.bsky.social,0,1,0.0,3.3484317314174135e-46,False
nocowards.bsky.social,0,1,0.0,5.801307575073053e-61,False
vibelikethat13.bsky.social,0,1,0.0,5.018581552231545e-31,False
whoblue.bsky.social,0,1,0.0,5.801307575073053e-61,False
monalisa1979.bsky.social,0,1,0.0,3.974649865596218e-31,False
xw8c.bsky.social,0,1,0.0,1.56432477703699e-52,False
morecords.bsky.social,0,1,0.0,8.135601677776215e-24,False
xnrock.bsky.social,0,2,0.0,3.730042180459667e-43,False
newsandcoffee.bsky.social,0,1,0.0,1.928960546209376e-28,False
whimsy.pikachannel.xyz,0,1,0.0,5.801307575073053e-61,False
nealshepperson.bsky.social,0,1,0.0,3.113439989045718e-38,False
naturali.bsky.social,0,1,0.0,8.135601677776215e-24,False
mostlyteeth.bsky.social,0,1,0.0,6.93073911481184e-23,False
nathannelson.co.uk,0,1,0.0,1.011069064513574e-38,False
moviepostmortem.bsky.social,0,1,0.0,5.801307575073053e-61,False
natecook.bsky.social,0,1,0.0,6.172877530138329e-23,False
nadiawithaboringj.bsky.social,0,1,0.0,5.095402172886734e-34,False
novaksmokabitch.bsky.social,0,1,0.0,5.801307575073053e-61,False
womanoftheyear.bsky.social,0,1,0.0,2.366285997459763e-25,False
mrmartino.bsky.social,0,1,0.0,1.3672576579622343e-15,False
n0tf0ll0w.bsky.social,0,1,0.0,5.801307575073053e-61,False
mrsivb.bsky.social,0,1,0.0,2.637550145920124e-26,False
woahpenny.bsky.social,0,1,0.0,5.801307575073053e-61,False
wlwversion.bsky.social,0,1,0.0,4.4540234940397177e-48,False
mynameisryan.bsky.social,0,1,0.0,6.99415146121889e-56,False
mykel11.bsky.social,0,1,0.0,8.648176699724641e-35,False
wingardiummleviosa.bsky.social,0,1,0.0,8.135601677776215e-24,False
willbdoubtful.bsky.social,0,1,0.0,4.162637905425744e-22,False
mslonib.bsky.social,0,1,0.0,1.3672576579622343e-15,False
whodiss.bsky.social,0,1,0.0,1.5751021874228032e-49,False
momojes.bsky.social,0,1,0.0,6.155309082072321e-48,False
niallmurray.bsky.social,0,1,0.0,2.4554748191579356e-34,False
nickforbrains.bsky.social,0,1,0.0,2.5763892088536093e-39,False
which-witch-ru.bsky.social,0,1,0.0,8.135601677776215e-24,False
millie29.bsky.social,0,1,0.0,2.0477626897196197e-16,False
nottracey.bsky.social,0,1,0.0,1.5769466214248367e-27,False
yasminp14.bsky.social,0,1,0.0,5.801307575073053e-61,False
victoriousyankee.bsky.social,0,1,0.0,5.801307575073053e-61,False
noorlovelace.bsky.social,0,1,0.0,1.729274966318925e-25,False
noni.bsky.social,0,1,0.0,4.262243139798382e-27,False
noctesatticae.com,0,1,0.0,5.095402172886734e-34,False
viniciusoficial.bsky.social,0,1,0.0,1.5245578593751102e-41,False
wandaapologist.bsky.social,0,1,0.0,3.5671745376748364e-42,False
missjaz96.bsky.social,0,1,0.0,5.801307575073053e-61,False
warnkekim.bsky.social,0,1,0.0,2.366285997459763e-25,False
yanygal.bsky.social,0,1,0.0,1.3672576579622343e-15,False
warrenterra.bsky.social,0,1,0.0,2.1269184530376235e-39,False
wayfarerone.bsky.social,0,1,0.0,1.3672576579622343e-15,False
wesburdine.bsky.social,0,1,0.0,5.3055627725898286e-27,False
yakuzajohn.bsky.social,0,1,0.0,2.1269184530376235e-39,False
missrori.bsky.social,0,2,9.95744850339549e-06,1.166881749193546e-37,False
mitchsn.bsky.social,0,1,0.0,8.135601677776215e-24,False
mjwells.bsky.social,0,1,0.0,2.637550145920124e-26,False
mlh414.bsky.social,0,1,0.0,3.5671745376748364e-42,False
mmd11.bsky.social,0,1,0.0,4.4540234940397177e-48,False
y2skot.bsky.social,0,1,0.0,5.801307575073053e-61,False
wetasspword.bsky.social,0,1,0.0,3.3484317314174135e-46,False
whenwillcarmen.bsky.social,0,1,0.0,5.018581552231545e-31,False
nickhasthoughts.com,0,1,0.0,7.233580962041463e-26,False
mynameistyler.bsky.social,0,1,0.0,7.058316999948425e-23,False
scarletteharris.bsky.social,0,1,0.0,5.801307575073053e-61,False
userhandletk.bsky.social,0,1,0.0,5.801307575073053e-61,False
sorryforlaughing.bsky.social,0,1,0.0,1.0513376859706774e-38,False
spooks-mcgee.bsky.social,0,1,0.0,4.162637905425744e-22,False
splodey.bsky.social,0,1,0.0,6.716563250761368e-27,False
rinabina.bsky.social,0,1,0.0,6.99415146121889e-56,False
ritorres.bsky.social,0,1,0.0,5.801307575073053e-61,False
speccytwat.bsky.social,0,1,0.0,1.56432477703699e-52,False
rlnotstine.bsky.social,0,1,0.0,4.162637905425744e-22,False
southlondongay.bsky.social,0,1,0.0,5.8569366313576524e-21,False
rmathematicus.bsky.social,0,1,0.0,3.113439989045718e-38,False
robedwards1.bsky.social,0,1,0.0,6.99415146121889e-56,False
someothercow.bsky.social,0,1,0.0,1.3672576579622343e-15,False
unplannedrebel.bsky.social,0,1,0.0,5.954265604720612e-23,False
solpadeine.bsky.social,0,1,0.0,2.456131003940207e-40,False
smollestbunny2.bsky.social,0,1,0.0,2.3781163584498935e-42,False
robrecker.bsky.social,0,1,0.0,2.5558556508848935e-46,False
rockinchimp.bsky.social,0,1,0.0,5.095402172886734e-34,False
smolcatdad.com,0,2,0.0,1.6964530826972993e-44,False
rodinal.bsky.social,0,1,0.0,4.162637905425744e-22,False
roguetime.bsky.social,0,1,0.0,1.434955795823769e-16,False
smokyburnout.bsky.social,0,1,0.0,6.99415146121889e-56,False
rokey.bsky.social,0,1,0.0,1.3672576579622343e-15,False
righttobehorny.bsky.social,0,1,0.0,5.801307575073053e-61,False
rigg3nbachi.bsky.social,0,1,0.0,6.383998231466103e-28,False
rifka.bsky.social,0,1,0.0,5.095402172886734e-34,False
spritedear.bsky.social,0,1,0.0,1.8543621284330046e-16,False
stevebrycegames.bsky.social,0,1,0.0,1.3672576579622343e-15,False
realmovieev.bsky.social,0,1,0.0,3.3484317314174135e-46,False
realroffs.bsky.social,0,1,0.0,6.99415146121889e-56,False
rebeccas09.bsky.social,0,1,0.0,6.99415146121889e-56,False
rebelalliance77.bsky.social,0,1,0.0,2.4554748191579356e-34,False
rebusly.com,0,2,0.00010455320928565265,8.300286065527387e-24,False
redfellachris.bsky.social,0,1,0.0,2.5572766057053376e-36,False
redfort.bsky.social,0,1,0.0,1.56432477703699e-52,False
stephaniekoons.bsky.social,0,1,0.0,5.801307575073053e-61,False
refrag.bsky.social,0,1,0.0,6.99415146121889e-56,False
rembrandtswife.bsky.social,0,1,0.0,6.99415146121889e-56,False
stefanosalvatore.bsky.social,0,1,0.0,5.801307575073053e-61,False
stateofthecity.bsky.social,0,1,0.0,2.637550145920124e-26,False
starmanjack43.bsky.social,0,1,0.0,2.637550145920124e-26,False
renrut-mas.bsky.social,0,1,0.0,5.399287776063064e-50,False
restrainedbob.bsky.social,0,1,0.0,1.8650210902298335e-43,False
rexowo.dev,0,1,0.0,1.2148943248381334e-34,False
richardcoops.bsky.social,0,1,0.0,6.99415146121889e-56,False
sprocketsdance.bsky.social,0,1,0.0,5.801307575073053e-61,False
smokeandwax.bsky.social,0,1,0.0,2.637550145920124e-26,False
rollingthunder7.bsky.social,0,1,0.0,4.262243139798382e-27,False
rosemary.world,0,1,0.0,6.383998231466103e-28,False
sally312.bsky.social,0,1,0.0,2.366285997459763e-25,False
shesbadass.blacksky.app,0,1,0.0,4.1470102273200103e-26,False
sherylcrowbar.bsky.social,0,1,0.0,8.135601677776215e-24,False
samantha42.bsky.social,0,1,0.0,6.155309082072321e-48,False
samanthasearrings.bsky.social,0,2,0.0,3.16290484748389e-26,False
samdolan.bsky.social,0,1,0.0,2.637550145920124e-26,False
sandromergvaz.bsky.social,0,1,0.0,5.801307575073053e-61,False
sfannie53.bsky.social,0,1,0.0,1.3672576579622343e-15,False
ses67.bsky.social,0,1,0.0,2.962478774135884e-37,False
sensasian.bsky.social,0,1,0.0,1.56432477703699e-52,False
seejaneread.bsky.social,0,1,0.0,2.5746206195281754e-32,False
secretman11.bsky.social,0,1,0.0,2.507918716513822e-49,False
sarablake.bsky.social,0,1,0.0,6.172877530138329e-23,False
sardonic-j.bsky.social,0,1,0.0,5.801307575073053e-61,False
sebright.bsky.social,0,3,4.1489368764147876e-07,1.0826366997534616e-23,False
sarthathepuppy.bsky.social,0,1,0.0,8.482265413486496e-45,False
seasthemoment.bsky.social,0,1,0.0,1.3672576579622343e-15,False
scruffygaydc.bsky.social,0,3,0.00020578726907017348,8.482867673296066e-24,False
scoundril.bsky.social,0,1,0.0,4.162637905425744e-22,False
sciencesloth.bsky.social,0,1,0.0,2.0692450312733343e-27,False
shetlandaidan.bsky.social,0,1,0.0,2.3781163584498935e-42,False
shirleystanson.bsky.social,0,1,0.0,6.716563250761368e-27,False
rowanacrump.bsky.social,0,1,0.0,1.8650210902298335e-43,False
shoren18.bsky.social,0,1,0.0,5.801307575073053e-61,False
smiler1983.bsky.social,0,1,0.0,1.3950608615051797e-19,False
rscook.bsky.social,0,1,0.0,6.155309082072321e-48,False
rsquared.bsky.social,0,1,0.0,4.162637905425744e-22,False
sloanelysbeth.bsky.social,0,1,0.0,5.801307575073053e-61,False
ruthescajeda.bsky.social,0,1,0.0,4.162637905425744e-22,False
ryanjamesdee.bsky.social,0,1,0.0,5.801307575073053e-61,False
skullgraves.eurosky.social,0,1,0.0,2.4561310039402067e-40,False
skeletoninside.bsky.social,0,1,0.0,8.648176699724641e-35,False
siperlywhenwet.bsky.social,0,1,0.0,1.61963635331511e-20,False
siobhandowling.bsky.social,0,1,0.0,5.801307575073053e-61,False
s-griobhtha.bsky.social,0,1,0.0,6.99415146121889e-56,False
sinnamonlove.blacksky.app,0,1,0.0,6.99415146121889e-56,False
sincerelyvmc.bsky.social,0,1,0.0,5.801307575073053e-61,False
simonywaking.bsky.social,0,1,0.0,2.637550145920124e-26,False
simon.insanity.tube,0,1,0.0,2.4554748191579356e-34,False
silverduke.bsky.social,0,1,0.0,2.5572766057053376e-36,False
sigill.bsky.social,0,1,0.0,2.0692450312733343e-27,False
shropshireslasher.bsky.social,0,1,0.0,5.954265604720612e-23,False
sadieseduskie.bsky.social,0,1,0.0,4.4540234940397177e-48,False
ratstar.bsky.social,0,1,0.0,4.4540234940397177e-48,False
steveschulist.bsky.social,0,1,0.0,8.648176699724641e-35,False
steviestevew.bsky.social,0,1,0.0,2.637550145920124e-26,False
pennylyaine.bsky.social,0,1,0.0,1.2371070569753257e-31,False
peradoce.bsky.social,0,1,0.0,6.99415146121889e-56,False
petehs.bsky.social,0,1,0.0,6.716563250761368e-27,False
petemarchetto.bsky.social,0,1,0.0,1.0894730021800993e-36,False
toad.city,0,1,0.0,5.801307575073053e-61,False
tinamur.bsky.social,0,1,0.0,2.0477626897196197e-16,False
petermcunningham.com,0,1,0.0,3.6067315847561187e-28,False
timwil014.bsky.social,0,1,0.0,4.4540234940397177e-48,False
petestaiano.com,0,1,0.0,6.383998231466103e-28,False
petrichorca.bsky.social,0,1,0.0,2.3781163584498944e-42,False
ticoqrouge.bsky.social,0,1,0.0,3.8928909881798204e-38,False
thrillhousegaming.bsky.social,0,1,0.0,4.262243139798382e-27,False
threnody.northsky.social,0,1,0.0,6.383998231466103e-28,False
pibbs.bsky.social,0,1,0.0,5.801307575073053e-61,False
thomasig.bsky.social,0,1,0.0,6.938966772903628e-26,False
thomasaeons.bsky.social,0,1,0.0,3.5671745376748364e-42,False
thib-ad.bsky.social,0,1,0.0,6.659063771668619e-21,False
pinchefag.bsky.social,0,1,0.0,8.152796504816757e-38,False
thevoidvvitch.bsky.social,0,1,0.0,8.135601677776215e-24,False
therpgenius.bsky.social,0,1,0.0,4.262243139798382e-27,False
tofuhama.bsky.social,0,1,0.0,1.3672576579622343e-15,False
penacolada2293.bsky.social,0,1,0.0,2.5558556508848954e-46,False
theroundedman.bsky.social,0,1,0.0,2.285336186773855e-33,False
peibolsag.bsky.social,0,1,0.0,4.4540234940397177e-48,False
unimonsterfanboy.bsky.social,0,1,0.0,1.2371070569753257e-31,False
palindromese.bsky.social,0,1,0.0,1.2371070569753257e-31,False
uneasywriter.bsky.social,0,1,0.0,5.41376188024395e-16,False
uncle6.org,0,1,0.0,4.4540234940397177e-48,False
tylersapp.bsky.social,0,1,0.0,3.5671745376748364e-42,False
panda359.bsky.social,0,1,0.0,3.113439989045718e-38,False
tydyethefly.blacksky.app,0,1,0.0,4.1265208226825404e-16,False
turgidjacobian.bsky.social,0,1,0.0,6.292077999565657e-29,False
papaprandabear.bsky.social,0,1,0.0,7.058316999948425e-23,False
patodeborracha.bsky.social,0,1,0.0,5.801307575073053e-61,False
tropkickthunder.bsky.social,0,1,0.0,1.1601803275470671e-18,False
paulrobertsnhs.bsky.social,0,1,0.0,2.637550145920124e-26,False
travisfazekas.bsky.social,0,1,0.0,5.801307575073053e-61,False
travelswithbrindle.bsky.social,0,1,0.0,1.0513376859706774e-38,False
tootru.bsky.social,0,1,0.0,2.1269184530376235e-39,False
tone7x20.bsky.social,0,1,0.0,1.56432477703699e-52,False
pdog11234.bsky.social,0,1,0.0,2.555855650884895e-46,False
pedradaloucura.bsky.social,0,1,0.0,1.4419032940322153e-33,False
tombtegtmeyer.bsky.social,0,1,0.0,6.99415146121889e-56,False
pintassilgoabatido.bsky.social,0,1,0.0,5.801307575073053e-61,False
platinumretriever.eurosky.social,0,1,0.0,1.5769466214248367e-27,False
storyaddict.bsky.social,0,1,0.0,5.801307575073053e-61,False
qgcampbell.bsky.social,0,1,0.0,2.637550145920124e-26,False
theagelessbro.bsky.social,0,1,0.0,1.729274966318925e-25,False
the-ill.bsky.social,0,1,0.0,2.1269184530376235e-39,False
thatmanglenn.bsky.social,0,1,0.0,8.648176699724641e-35,False
texasgypsi.bsky.social,0,1,0.0,1.3672576579622343e-15,False
teflondub.bsky.social,0,1,0.0,1.2261501466334539e-29,False
tania-w.bsky.social,0,1,0.0,3.113439989045718e-38,False
questbear.bsky.social,0,1,0.0,6.716563250761368e-27,False
tacos-in-denver.bsky.social,0,1,0.0,5.801307575073053e-61,False
t-hebaron.bsky.social,0,1,0.0,6.99415146121889e-56,False
susabelle84.bsky.social,0,1,0.0,8.648176699724641e-35,False
quiltbunny.bsky.social,0,1,0.0,1.3672576579622343e-15,False
supermanumolina.bsky.social,0,1,0.0,5.801307575073053e-61,False
quinnassociate.com,0,1,0.0,2.2486332708122515e-32,False
quinoag.bsky.social,0,1,0.0,8.470293964826231e-36,False
raconteuse.bsky.social,0,1,0.0,2.1269184530376235e-39,False
sulkirk.bsky.social,0,1,0.0,5.801307575073053e-61,False
stuartitter.bsky.social,0,1,0.0,6.155309082072321e-48,False
rangerdonald.bsky.social,0,1,0.0,1.56432477703699e-52,False
strangernalps.bsky.social,0,1,0.0,2.555855650884895e-46,False
queenief9.bsky.social,0,1,0.0,2.5572766057053376e-36,False
thecalebrogers.bsky.social,0,1,0.0,1.3672576579622343e-15,False
pocai.bsky.social,0,1,0.0,2.347001410379259e-41,False
thecreweofthefancy.bsky.social,0,1,0.0,1.3672576579622343e-15,False
poeted.blacksky.app,0,1,0.0,2.507918716513822e-49,False
themilesturner.bsky.social,0,1,0.0,2.637550145920124e-26,False
pokhrajroy.bsky.social,0,1,0.0,2.4554748191579356e-34,False
poordanrichard.com,0,1,0.0,4.262243139798382e-27,False
portablefear.bsky.social,0,1,0.0,2.827345335029104e-26,False
thejaimewoo.bsky.social,0,1,0.0,4.13119635529654e-29,False
potatofarmer2000.bsky.social,0,1,0.0,6.99415146121889e-56,False
pppgrifter.bsky.social,0,1,0.0,2.75800732605087e-28,False
thegirlpie.bsky.social,0,1,0.0,5.801307575073053e-61,False
thefoodandwinediva.bsky.social,0,1,0.0,1.3672576579622343e-15,False
pressingstories.bsky.social,0,1,0.0,3.3484317314174135e-46,False
preston.camera,0,1,0.0,1.3672576579622343e-15,False
thefatfryer.bsky.social,0,1,0.0,2.456131003940207e-40,False
thedivinekid.blacksky.app,0,1,0.0,5.801307575073053e-61,False
profjpc.bsky.social,0,1,0.0,4.162637905425744e-22,False
profmikesell.bsky.social,0,1,0.0,5.8569366313576524e-21,False
profsecchi.bsky.social,0,1,0.0,6.99415146121889e-56,False
promptslinger.bsky.social,0,1,0.0,2.5746206195281754e-32,False
pseudonymice.bsky.social,0,1,0.0,2.637550145920124e-26,False
08mms.bsky.social,0,1,0.0,5.801307575073053e-61,False
heathermuse.bsky.social,0,1,0.0,1.729274966318925e-25,False
michaeldrummey.bsky.social,0,1,0.0,5.954265604720612e-23,False
celestemarx.bsky.social,0,1,0.0,8.648176699724641e-35,False
comeonyou.bsky.social,0,1,0.0,5.801307575073053e-61,False
commanda4.bsky.social,0,1,0.0,1.3672576579622343e-15,False
constancewhewchile.bsky.social,0,1,0.0,2.5763892088536093e-39,False
cortomaltese77.bsky.social,0,1,0.0,5.801307575073053e-61,False
cozygayboy.bsky.social,0,1,0.0,8.152796504816757e-38,False
crabme.at,0,1,0.0,8.648176699724641e-35,False
crizvila.bsky.social,0,1,0.0,5.801307575073053e-61,False
csmith03.bsky.social,0,1,0.0,2.0761205712413543e-21,False
cthompson36.bsky.social,0,1,0.0,9.837382804719335e-24,False
currentlyquang.xyz,0,1,0.0,5.801307575073053e-61,False
cursedfrogurt.bsky.social,0,1,0.0,5.801307575073053e-61,False
dadvids.bsky.social,0,1,0.0,8.482265413486496e-45,False
dan-liu.net,0,1,0.0,1.011069064513574e-38,False
daninfragments.bsky.social,0,1,0.0,3.5671745376748364e-42,False
daphne36.bsky.social,0,1,0.0,6.99415146121889e-56,False
dariofelipe.bsky.social,0,1,0.0,5.801307575073053e-61,False
darksiderjd.bsky.social,0,1,0.0,5.801307575073053e-61,False
darthming.bsky.social,0,1,0.0,1.3950608615051797e-19,False
darwinwoodka.bsky.social,0,1,0.0,2.347001410379259e-41,False
davbatz.bsky.social,0,1,0.0,1.56432477703699e-52,False
dave-mueller.bsky.social,0,1,0.0,5.801307575073053e-61,False
dave9bikes.bsky.social,0,1,0.0,2.637550145920124e-26,False
daveinlondon.bsky.social,0,1,0.0,2.637550145920124e-26,False
colindickey.com,0,1,0.0,6.99415146121889e-56,False
coko.bsky.social,0,1,0.0,6.99415146121889e-56,False
coachchron.com,0,1,0.0,5.801307575073053e-61,False
chrisair.itch.io,0,1,0.0,5.801307575073053e-61,False
cgrangertalley.bsky.social,0,1,0.0,1.61963635331511e-20,False
chanellee.bsky.social,0,1,0.0,1.729274966318925e-25,False
changpowless.bsky.social,0,1,0.0,4.162637905425744e-22,False
charcharjo6.bsky.social,0,1,0.0,1.3672576579622343e-15,False
charleshock98.bsky.social,0,1,0.0,3.7156012687897613e-35,False
charlie987.bsky.social,0,1,0.0,1.56432477703699e-52,False
cheers464646.bsky.social,0,1,0.0,1.3672576579622343e-15,False
chi85guy.bsky.social,0,1,0.0,3.6584674402143395e-21,False
chinajoeflynn.bsky.social,0,1,0.0,5.801307575073053e-61,False
chris-in-seattle.bsky.social,0,1,0.0,2.5558556508848954e-46,False
chrisdafer.bsky.social,0,1,0.0,1.2371070569753257e-31,False
clio2.bsky.social,0,1,0.0,1.434955795823769e-16,False
chrislongview.bsky.social,0,1,0.0,6.716563250761368e-27,False
christinesayshi.bsky.social,0,1,0.0,1.2371070569753257e-31,False
christrekkin.bsky.social,0,1,0.0,6.716563250761368e-27,False
chubbycub1991.bsky.social,0,1,0.0,5.801307575073053e-61,False
cigar-boss.bsky.social,0,1,0.0,1.56432477703699e-52,False
cinemacemanosdeluz.bsky.social,0,14,0.0001427234285486687,5.4990315743491455e-31,False
cjterry.bsky.social,0,1,0.0,6.938966772903628e-26,False
clark84.eurosky.social,0,1,0.0,2.637550145920124e-26,False
claudiiiii.bsky.social,0,1,0.0,5.801307575073053e-61,False
clinicalliz.bsky.social,0,1,0.0,4.162637905425744e-22,False
davethetentakil.bsky.social,0,1,0.0,4.454023494039715e-48,False
davewakeman.bsky.social,0,1,0.0,1.2984730758070833e-23,False
daveypretension.bsky.social,0,1,0.0,5.801307575073053e-61,False
ericnpa.bsky.social,0,1,0.0,3.0399539687480612e-24,False
ehs06702.blacksky.app,0,1,0.0,5.41376188024395e-16,False
elainecrory.bsky.social,0,1,0.0,5.095402172886734e-34,False
elgatonyc.bsky.social,0,1,0.0,6.99415146121889e-56,False
elusivejay.bsky.social,0,1,0.0,1.5769466214248367e-27,False
emilyelle.bsky.social,0,1,0.0,4.454023494039715e-48,False
emilyonhere.gay,0,1,0.0,1.6830695664178675e-25,False
emmasculating.bsky.social,0,1,0.0,4.162637905425744e-22,False
englishzzrfan.bsky.social,0,1,0.0,2.507918716513822e-49,False
ep870.bsky.social,0,1,0.0,5.801307575073053e-61,False
ericgarment.bsky.social,0,1,0.0,4.885894029500461e-37,False
erincook.bsky.social,0,1,0.0,5.801307575073053e-61,False
eenie22.swifties.social,0,1,0.0,6.99415146121889e-56,False
estrelita13.bsky.social,0,1,0.0,5.801307575073053e-61,False
expret.org,0,1,0.0,3.363059067419818e-37,False
farmfagfreakflags.bsky.social,0,1,0.0,6.99415146121889e-56,False
felface.bsky.social,0,1,0.0,2.637550145920124e-26,False
fictionwriternc.bsky.social,0,1,0.0,1.434955795823769e-16,False
firebirdmaximus.bsky.social,0,1,0.0,1.8650210902298335e-43,False
fleaingdogfella.bsky.social,0,1,0.0,6.155309082072321e-48,False
flowers36.bsky.social,0,1,0.0,2.0477626897196197e-16,False
fokised1.blacksky.app,0,1,0.0,5.801307575073053e-61,False
frankbascombe.bsky.social,0,1,0.0,6.99415146121889e-56,False
ehaid.bsky.social,0,1,0.0,6.99415146121889e-56,False
edn-a.bsky.social,0,1,0.0,5.801307575073053e-61,False
dayzee634.bsky.social,0,1,0.0,1.6468438775117264e-25,False
dolpher.bsky.social,0,1,0.0,6.99415146121889e-56,False
deborahstort.bsky.social,0,1,0.0,1.2371070569753257e-31,False
deedubs66.bsky.social,0,1,0.0,5.801307575073053e-61,False
deftestleftist.bsky.social,0,1,0.0,1.5769466214248367e-27,False
desertdweller760.bsky.social,0,1,0.0,1.3672576579622343e-15,False
dick.tips,0,1,0.0,1.717462802134421e-22,False
discodaddy253.bsky.social,0,1,0.0,2.366285997459763e-25,False
djmaryaleescarlet.bsky.social,0,1,0.0,6.155309082072321e-48,False
dmlundeen.bsky.social,0,1,0.0,7.428096526756262e-29,False
docfrednbg.bsky.social,0,1,0.0,6.99415146121889e-56,False
docstock.bsky.social,0,1,0.0,4.162637905425744e-22,False
dominustempori.bsky.social,0,1,0.0,2.4554748191579356e-34,False
edginguptown.bsky.social,0,1,0.0,6.99415146121889e-56,False
dougystyle.bsky.social,0,1,0.0,5.801307575073053e-61,False
dr-ohm.bsky.social,0,1,0.0,1.3672576579622343e-15,False
drdjkhaledmd.bsky.social,0,1,0.0,5.399287776063064e-50,False
drewmakesmovies.bsky.social,0,1,0.0,8.135601677776215e-24,False
drewpowell123.bsky.social,0,1,0.0,6.512965015138141e-51,False
drmikeis.bsky.social,0,1,0.0,6.99415146121889e-56,False
druidlloydnk.bsky.social,0,1,0.0,6.99415146121889e-56,False
dubbaewwteeeff.bsky.social,0,1,0.0,4.162637905425744e-22,False
dylansocal.bsky.social,0,1,0.0,8.135601677776215e-24,False
dystopianprophet.bsky.social,0,1,0.0,8.648176699724641e-35,False
cesar.fernandezcano.es,0,1,0.0,2.285336186773855e-33,False
cekent.bsky.social,0,1,0.0,7.161445008061432e-28,False
mia-sade.bsky.social,0,1,0.0,1.729274966318925e-25,False
ceejopolis.bsky.social,0,1,0.0,1.0820194754268354e-27,False
andrewbeaumen.bsky.social,0,1,0.0,8.135601677776215e-24,False
andyjunkins.bsky.social,0,1,0.0,5.801307575073053e-61,False
andymays.bsky.social,0,1,0.0,2.75800732605087e-28,False
anoniv.bsky.social,0,1,0.0,4.454023494039715e-48,False
antnisp.bsky.social,0,1,0.0,4.478013384004254e-28,False
anumation.bsky.social,0,1,0.0,5.801307575073053e-61,False
aprillia.bsky.social,0,1,0.0,1.56432477703699e-52,False
aranfalk.bsky.social,0,1,0.0,6.155309082072321e-48,False
archvillain.bsky.social,0,1,0.0,6.99415146121889e-56,False
arcobaleno-prisma.bsky.social,0,1,0.0,1.872904116635811e-26,False
arj0.bsky.social,0,1,0.0,2.637550145920124e-26,False
armakproductions.com,0,1,0.0,5.801307575073053e-61,False
arowla.bsky.social,0,1,0.0,5.801307575073053e-61,False
artadmirer.bsky.social,0,1,0.0,1.56432477703699e-52,False
artifactscott.bsky.social,0,1,0.0,2.0692450312733343e-27,False
artofcoop.bsky.social,0,1,0.0,6.383998231466103e-28,False
ashleyrodrigues.bsky.social,0,1,0.0,8.135601677776215e-24,False
athosnga5938.bsky.social,0,1,0.0,2.4554748191579356e-34,False
attentialluca.bsky.social,0,1,0.0,5.801307575073053e-61,False
auntiemamelives.bsky.social,0,1,0.0,1.3672576579622343e-15,False
aussieinto.bsky.social,0,1,0.0,2.347001410379259e-41,False
austintassletine.bsky.social,0,1,0.0,6.99415146121889e-56,False
automaton4u.bsky.social,0,1,0.0,8.648176699724641e-35,False
amelianywhere.bsky.social,0,1,0.0,6.155309082072321e-48,False
amdo.bsky.social,0,1,0.0,1.5769466214248367e-27,False
alttag.bsky.social,0,1,0.0,1.2947306845152283e-29,False
adamphoebe.neocities.org,0,1,0.0,5.801307575073053e-61,False
116flor.bsky.social,0,1,0.0,1.56432477703699e-52,False
400vicezo.bsky.social,0,1,0.0,7.142402039658671e-32,False
45382ud.bsky.social,0,1,0.0,1.2371070569753257e-31,False
617to416.bsky.social,0,1,0.0,4.454023494039715e-48,False
8bittripper.bsky.social,0,1,0.0,1.5769466214248367e-27,False
aarongrote.com,0,1,0.0,2.0692450312733343e-27,False
aavehannus.bsky.social,0,1,0.0,5.801307575073053e-61,False
absurdistscribbler.bsky.social,0,1,0.0,5.801307575073053e-61,False
adam-manx.bsky.social,0,1,0.0,6.99415146121889e-56,False
adamjewell.bsky.social,0,1,0.0,6.99415146121889e-56,False
adtru.bsky.social,0,1,0.0,5.954265604720612e-23,False
alsorae.bsky.social,0,1,0.0,1.729274966318925e-25,False
afc5ever.bsky.social,0,1,0.0,2.2486332708122515e-32,False
agreaternotion.bsky.social,0,1,0.0,1.3672576579622343e-15,False
aguamineralfresca.bsky.social,0,1,0.0,1.2442831180054232e-46,False
akoltchak.bsky.social,0,1,0.0,1.3672576579622343e-15,False
albertoreale.bsky.social,0,1,0.0,5.095402172886734e-34,False
alexanderchee.bsky.social,0,1,0.0,6.383998231466103e-28,False
alexfreddo.bsky.social,0,1,0.0,2.4561310039402067e-40,False
alialiafro.bsky.social,0,1,0.0,1.2367893031603535e-36,False
allthingsdre.bsky.social,0,2,0.000527744770679961,8.37223027752219e-24,False
alpinemigrant.bsky.social,0,1,0.0,1.2367893031603535e-36,False
avicaeruleum.bsky.social,0,1,0.0,5.8569366313576524e-21,False
baddestdaddest.bsky.social,0,1,0.0,6.172877530138329e-23,False
baileymcc.bsky.social,0,1,0.0,4.162637905425744e-22,False
bsky.heenan.net,0,1,0.0,1.56432477703699e-52,False
braak.bsky.social,0,1,0.0,1.0513376859706774e-38,False
bradflint.bsky.social,0,1,0.0,3.5671745376748364e-42,False
brainiackim.bsky.social,0,1,0.0,1.2371070569753257e-31,False
briancst.bsky.social,0,1,0.0,2.637550145920124e-26,False
brianstorms.bsky.social,0,1,0.0,5.399287776063064e-50,False
brianzitzelman.bsky.social,0,1,0.0,6.99415146121889e-56,False
britta-no-filter.bsky.social,0,1,0.0,5.801307575073053e-61,False
brlawrencelc.com,0,1,0.0,5.8569366313576524e-21,False
bruit.eurosky.social,0,1,0.0,5.801307575073053e-61,False
bruross.bsky.social,0,1,0.0,8.135601677776215e-24,False
btnboy.bsky.social,0,1,0.0,6.716563250761368e-27,False
boshyboo.bsky.social,0,1,0.0,5.801307575073053e-61,False
buckaroosbonsai.bsky.social,0,1,0.0,4.454023494039715e-48,False
buckrawheat.bsky.social,0,2,0.00014936172755093235,6.797117866995756e-28,False
cameronparker.bsky.social,0,1,0.0,2.5763892088536093e-39,False
canhenha.bsky.social,0,1,0.0,6.99415146121889e-56,False
captaindunsel.bsky.social,0,1,0.0,1.3672576579622343e-15,False
carl-gustav.bsky.social,0,2,2.7659579176098584e-07,1.0799409917018954e-27,False
cassiemiu.bsky.social,0,1,0.0,2.3808006798862231e-32,False
catbus.phd,0,1,0.0,1.8650210902298335e-43,False
cate-evans4.bsky.social,0,1,0.0,4.1265208226825404e-16,False
cbdawson.bsky.social,0,1,0.0,6.99415146121889e-56,False
bot-tan.suibari.com,0,1,0.0,2.347001410379259e-41,False
boriszee.bsky.social,0,1,0.0,5.801307575073053e-61,False
battlejuice.bsky.social,0,1,0.0,1.8650210902298335e-43,False
bigfattyonline.bsky.social,0,1,0.0,4.454023494039715e-48,False
beacaicoya.bsky.social,0,1,0.0,1.729274966318925e-25,False
beamooo.bsky.social,0,1,0.0,8.482265413486496e-45,False
beckalecka.bsky.social,0,4,0.0,3.688543586217118e-15,False
beemooney.bsky.social,0,1,0.0,5.801307575073053e-61,False
beerz4yearz.bsky.social,0,1,0.0,6.383998231466103e-28,False
behindthefrequency.bsky.social,0,1,0.0,5.801307575073053e-61,False
bestbechdeltest.bsky.social,0,1,0.0,4.920203299424572e-36,False
bigbadbuckley.bsky.social,0,1,0.0,2.637550145920124e-26,False
bigbootychris.bsky.social,0,1,0.0,6.716563250761368e-27,False
bigc-kc.bsky.social,0,1,0.0,9.785465144861029e-54,False
bigv8daddy.bsky.social,0,1,0.0,1.56432477703699e-52,False
boondockingintheus.bsky.social,0,1,0.0,1.3672576579622343e-15,False
billthepony.bsky.social,0,1,0.0,1.5769466214248367e-27,False
bjkeefe.bsky.social,0,1,0.0,5.801307575073053e-61,False
bksman9.bsky.social,0,1,0.0,7.071234807539719e-32,False
blackandgold.bsky.social,0,1,0.0,6.99415146121889e-56,False
blacksnakemo.bsky.social,0,1,0.0,2.0692450312733343e-27,False
blakewashington.bsky.social,0,1,0.0,2.0761205712413543e-21,False
blueblondie48.bsky.social,0,1,0.0,8.135601677776215e-24,False
bobertonbluesky.bsky.social,0,1,0.0,5.8569366313576524e-21,False
bobscho.bsky.social,0,1,0.0,6.155309082072321e-48,False
bollabai.bsky.social,0,1,0.0,5.801307575073053e-61,False
freebooteryyj.bsky.social,0,1,0.0,1.56432477703699e-52,False
fritzviva.bsky.social,0,1,0.0,2.4554748191579356e-34,False
funnywes.online,0,1,0.0,5.399287776063064e-50,False
furnace.bsky.social,0,1,0.0,1.56432477703699e-52,False
kircheis.bsky.social,0,1,0.0,5.399287776063064e-50,False
kiwinomad06.bsky.social,0,1,0.0,3.113439989045718e-38,False
kkempen.bsky.social,0,1,0.0,1.2371070569753257e-31,False
klavierherz.eurosky.social,0,1,0.0,6.164898419651804e-25,False
koeniginkatze.bsky.social,0,1,0.0,5.801307575073053e-61,False
ktmuse.bsky.social,0,1,0.0,5.801307575073053e-61,False
kwh561.cryptoanarchy.network,0,1,0.0,8.135601677776215e-24,False
kwilliamsmedia.bsky.social,0,1,0.0,1.2371070569753257e-31,False
kxdyn.bsky.social,0,1,0.0,1.1601803275470671e-18,False
labbla.bsky.social,0,1,0.0,3.5671745376748364e-42,False
ladykatya4.bsky.social,0,1,0.0,5.954265604720612e-23,False
ladymidath.bsky.social,0,1,0.0,1.94617861585992e-17,False
lalocked.bsky.social,0,1,0.0,7.071234807539719e-32,False
larelli.bsky.social,0,2,0.0,3.45854993263785e-25,False
lasdelpulpo.bsky.social,0,1,0.0,2.285336186773855e-33,False
lastminutegoal.bsky.social,0,1,0.0,2.2486332708122515e-32,False
latemandy.rwrb.social,0,1,0.0,6.99415146121889e-56,False
legutz.bsky.social,0,1,0.0,5.801307575073053e-61,False
lena221.bsky.social,0,1,0.0,6.99415146121889e-56,False
leohorishny.bsky.social,0,1,0.0,1.3672576579622343e-15,False
leojesus.bsky.social,0,2,8.297873752829575e-07,9.891223853747353e-56,False
leowulf.bsky.social,0,1,0.0,2.4554748191579356e-34,False
lepetitereboot.bsky.social,0,1,0.0,1.43772260783061e-36,False
kennyf1283.bsky.social,0,1,0.0,5.2535470156376644e-27,False
kenk1980.bsky.social,0,1,0.0,8.470293964826235e-36,False
katiewillden.bsky.social,0,1,0.0,7.233580962041463e-26,False
jovenitti.bsky.social,0,1,0.0,3.109833712549753e-27,False
jjjuv.bsky.social,0,1,0.0,1.5245578593751102e-41,False
jockd.bsky.social,0,1,0.0,1.3672576579622343e-15,False
joeybee12.bsky.social,0,1,0.0,3.3484317314174135e-46,False
johnaking.bsky.social,0,1,0.0,3.113439989045718e-38,False
johnnyninefingers.bsky.social,0,1,0.0,2.637550145920124e-26,False
johnw60.bsky.social,0,1,0.0,2.637550145920124e-26,False
jondvchbimble.bsky.social,0,1,0.0,2.1379719958383646e-35,False
jonhendry.bsky.social,0,1,0.0,2.637550145920124e-26,False
jonlikestoys.bsky.social,0,1,0.0,5.801307575073053e-61,False
josephhall.org,0,1,0.0,6.99415146121889e-56,False
jpmendis.bsky.social,0,1,0.0,2.637550145920124e-26,False
katherineargent.com,0,1,0.0,1.56432477703699e-52,False
jrparham.bsky.social,0,1,0.0,6.99415146121889e-56,False
jtangeles.bsky.social,0,1,0.0,7.058316999948425e-23,False
jtforde518.bsky.social,0,1,0.0,1.2371070569753257e-31,False
julesprom.bsky.social,0,1,0.0,5.801307575073053e-61,False
juliafnp.bsky.social,0,1,0.0,1.2371070569753257e-31,False
junglistmastiff.bsky.social,0,1,0.0,6.99415146121889e-56,False
just--bruno.bsky.social,0,1,0.0,1.3672576579622343e-15,False
jztidecat.bsky.social,0,1,0.0,5.801307575073053e-61,False
kai.lucasbaradan.com,0,1,0.0,2.0692450312733343e-27,False
kaimatai.bsky.social,0,1,0.0,2.366285997459763e-25,False
lephys.bsky.social,0,1,0.0,4.262243139798382e-27,False
levimsmsmsm.bsky.social,0,1,0.0,1.4419032940322153e-33,False
lezluthor.bsky.social,0,1,0.0,3.3484317314174135e-46,False
mat111.bsky.social,0,1,0.0,1.3672576579622343e-15,False
manndaraee.bsky.social,0,1,0.0,5.801307575073053e-61,False
mapwitch.bsky.social,0,1,0.0,1.4775854766236006e-25,False
marbicwolf.bsky.social,0,1,0.0,6.99415146121889e-56,False
marco-place.bsky.social,0,1,0.0,3.5671745376748364e-42,False
marcos0902.bsky.social,0,1,0.0,1.2442831180054232e-46,False
mariaaragon64.bsky.social,0,1,0.0,1.3672576579622343e-15,False
mark07929.bsky.social,0,1,0.0,3.113439989045718e-38,False
markfreed.bsky.social,0,3,1.5765960130376194e-05,3.3141294455236363e-26,False
marktierney.com,0,1,0.0,6.99415146121889e-56,False
marsikeda.bsky.social,0,1,0.0,7.161445008061432e-28,False
mattdean94.bsky.social,0,1,0.0,2.637550145920124e-26,False
mak506.bsky.social,0,1,0.0,5.801307575073053e-61,False
mattmcdiz.bsky.social,0,1,0.0,4.162637905425744e-22,False
maura.bsky.social,0,1,0.0,2.1269184530376235e-39,False
maximumfun.org,0,1,0.0,6.99415146121889e-56,False
mbeaulieu.bsky.social,0,1,0.0,5.801307575073053e-61,False
mechanizedmalice.bsky.social,0,1,0.0,8.482265413486496e-45,False
melissingout.bsky.social,0,1,0.0,4.162637905425744e-22,False
melstefaniuk.bsky.social,0,1,0.0,4.0252337719370355e-51,False
menseveningwear.bsky.social,0,1,0.0,5.801307575073053e-61,False
meowingbug.bsky.social,0,1,0.0,1.6067545770006078e-34,False
metadri.eurosky.social,0,1,0.0,5.801307575073053e-61,False
mangohime.com,0,1,0.0,1.959708549128479e-35,False
magikarpolycarp.bsky.social,0,1,0.0,6.99415146121889e-56,False
libramonkee.bsky.social,0,1,0.0,6.99415146121889e-56,False
lohaddotcom.bsky.social,0,1,0.0,1.3672576579622343e-15,False
lindavt.bsky.social,0,1,0.0,1.3672576579622343e-15,False
linuskk.bsky.social,0,1,0.0,8.135601677776215e-24,False
lisann57.bsky.social,0,1,0.0,1.3672576579622343e-15,False
littlegino.bsky.social,0,1,0.0,2.333278610685343e-22,False
lizrummy.bsky.social,0,1,0.0,2.333278610685343e-22,False
liztruss.bsky.social,0,1,0.0,5.954265604720612e-23,False
lizzycampbell.bsky.social,0,1,0.0,5.801307575073053e-61,False
lj-mi.bsky.social,0,1,0.0,1.729274966318925e-25,False
lockedbottom.com,0,1,0.0,2.5558556508848935e-46,False
lockyer.bsky.social,0,1,0.0,1.2371070569753257e-31,False
lolaura55.bsky.social,0,1,0.0,1.8650210902298335e-43,False
maddiemwm.bsky.social,0,1,0.0,5.801307575073053e-61,False
longrules.bsky.social,0,1,0.0,5.8569366313576524e-21,False
lordfunkyfist.bsky.social,0,1,0.0,5.399287776063064e-50,False
lsamardich.bsky.social,0,1,0.0,1.3672576579622343e-15,False
luiscordoba.bsky.social,0,1,0.0,5.801307575073053e-61,False
lurkymclurk.bsky.social,0,1,0.0,6.383998231466103e-28,False
lward1700.bsky.social,0,1,0.0,1.56432477703699e-52,False
m-uscle.bsky.social,0,1,0.0,5.801307575073053e-61,False
mackdoolin.bsky.social,0,1,0.0,5.801307575073053e-61,False
madambluestocking.bsky.social,0,1,0.0,5.801307575073053e-61,False
madamedefargeknits.bsky.social,0,1,0.0,6.155309082072321e-48,False
jimmycraig42.bsky.social,0,1,0.0,1.3672576579622343e-15,False
jimbpa.bsky.social,0,1,0.0,2.366285997459763e-25,False
jillongovt.bsky.social,0,1,0.0,2.637550145920124e-26,False
haredurer.bsky.social,0,1,0.0,5.686542459399653e-22,False
greenhombre.bsky.social,0,1,0.0,1.5769466214248367e-27,False
gregorynorminton.bsky.social,0,1,0.0,1.2367893031603535e-36,False
grief-enduring.bsky.social,0,1,0.0,2.5763892088536093e-39,False
grudgingsignup.bsky.social,0,1,0.0,5.095402172886734e-34,False
gshans.bsky.social,0,1,0.0,4.162637905425744e-22,False
gw161irish.bsky.social,0,2,0.0,1.7799097402304884e-15,False
gypitneep.bsky.social,0,1,0.0,1.3672576579622343e-15,False
hals517.bsky.social,0,1,0.0,5.801307575073053e-61,False
hamletisdead.bsky.social,0,1,0.0,3.0875404842035327e-43,False
hardcarriehey.bsky.social,0,1,0.0,5.801307575073053e-61,False
harriet75.bsky.social,0,1,0.0,5.801307575073053e-61,False
gooner63.bsky.social,0,1,0.0,2.347001410379259e-41,False
hartleysiddenj.bsky.social,0,1,0.0,4.537170239514896e-17,False
hedgoe.bsky.social,0,1,0.0,6.99415146121889e-56,False
helmith07.bsky.social,0,1,0.0,5.801307575073053e-61,False
henrybernstein.bsky.social,0,1,0.0,6.99415146121889e-56,False
hermeswalkingshoes.bsky.social,0,1,0.0,5.801307575073053e-61,False
highashope13.bsky.social,0,1,0.0,5.801307575073053e-61,False
highway62.bsky.social,0,1,0.0,1.56432477703699e-52,False
hilarian.bsky.social,0,1,0.0,3.8928909881798204e-38,False
himmelhoch.bsky.social,0,1,0.0,6.99415146121889e-56,False
hjuliette.bsky.social,0,1,0.0,5.801307575073053e-61,False
gothicfirekitteh.bsky.social,0,1,0.0,1.3672576579622343e-15,False
goodwithcolour.tootr.co.ap.brid.gy,0,1,0.0,5.801307575073053e-61,False
horneronmain.bsky.social,0,1,0.0,5.801307575073053e-61,False
gersande.com,0,1,0.0,5.801307575073053e-61,False
gabagoolers.bsky.social,0,1,0.0,1.2371070569753257e-31,False
gabjet.bsky.social,0,1,0.0,6.155309082072321e-48,False
gabnat.bsky.social,0,1,0.0,1.3672576579622343e-15,False
gaffa.bsky.social,0,2,4.1489368764147876e-07,3.9569307810214223e-16,False
gaylord.pink,0,1,0.0,1.872904116635811e-26,False
gaymerdancer.bsky.social,0,1,0.0,8.152796504816757e-38,False
gayyyperson.bsky.social,0,1,0.0,5.954265604720612e-23,False
gazamcnulty.bsky.social,0,1,0.0,4.262243139798382e-27,False
gbsills.bsky.social,0,1,0.0,6.99415146121889e-56,False
georgeous.one,0,1,0.0,5.801307575073053e-61,False
ghostingdani.bsky.social,0,1,0.0,4.162637905425744e-22,False
goodknight70.bsky.social,0,1,0.0,1.3672576579622343e-15,False
gigawattconduit.blacksky.app,0,1,0.0,1.56432477703699e-52,False
glennrunn.bsky.social,0,1,0.0,5.801307575073053e-61,False
glittery-nails.bsky.social,0,1,0.0,1.729274966318925e-25,False
glowingskeleton.bsky.social,0,1,0.0,5.399287776063064e-50,False
goatoverlord.bsky.social,0,1,0.0,5.399287776063064e-50,False
godeep.bsky.social,0,1,0.0,1.3672576579622343e-15,False
goforproduction.bsky.social,0,1,0.0,1.5769466214248367e-27,False
goji.standingintheodds.com,0,1,0.0,5.399287776063064e-50,False
goldsquid.bsky.social,0,1,0.0,5.801307575073053e-61,False
gonzaegonza91.bsky.social,0,1,0.0,5.801307575073053e-61,False
hollywooddfpd.bsky.social,0,1,0.0,4.162637905425744e-22,False
horobisan.bsky.social,0,1,0.0,8.482265413486496e-45,False
jhbancroft.bsky.social,0,1,0.0,5.801307575073053e-61,False
jayellcee12.bsky.social,0,1,0.0,1.8650210902298335e-43,False
j3zz-g.bsky.social,0,1,0.0,6.99415146121889e-56,False
jacke.bsky.social,0,1,0.0,8.648176699724641e-35,False
jahsounds.bsky.social,0,1,0.0,1.8543621284330046e-16,False
jakeremix.bsky.social,0,1,0.0,8.135601677776215e-24,False
jamalgreene.bsky.social,0,1,0.0,4.162637905425744e-22,False
jamesdoyle1983.bsky.social,0,1,0.0,5.801307575073053e-61,False
jamiesharp.bsky.social,0,1,0.0,5.801307575073053e-61,False
jawndoe.bsky.social,0,1,0.0,1.8650210902298335e-43,False
jawstudios.bsky.social,0,1,0.0,3.5671745376748364e-42,False
jayabita.bsky.social,0,1,0.0,5.801307575073053e-61,False
jazzrat2000.bsky.social,0,1,0.0,1.3672576579622343e-15,False
iwilljinx.bsky.social,0,1,0.0,1.56432477703699e-52,False
jdcarpentieri.bsky.social,0,1,0.0,1.2367893031603535e-36,False
jduvalsmith.bsky.social,0,1,0.0,2.637550145920124e-26,False
jeepsahara4643.bsky.social,0,1,0.0,9.785465144861029e-54,False
jenejareth.bsky.social,0,1,0.0,1.3672576579622343e-15,False
jennie-ess.bsky.social,0,1,0.0,1.3672576579622343e-15,False
jennymckinnon.bsky.social,0,1,0.0,5.095402172886734e-34,False
jeppa1.bsky.social,0,1,0.0,5.801307575073053e-61,False
jeronimo80.bsky.social,0,1,0.0,6.155309082072321e-48,False
jerseyboy95.bsky.social,0,1,0.0,5.954265604720612e-23,False
jeymien.bsky.social,0,1,0.0,2.366285997459763e-25,False
izenteeth.bsky.social,0,1,0.0,5.801307575073053e-61,False
itsrickypnw.bsky.social,0,1,0.0,8.152796504816757e-38,False
huggingbugs.bsky.social,0,1,0.0,1.6067545770006078e-34,False
iloli.eurosky.social,0,1,0.0,5.801307575073053e-61,False
hungryfool.bsky.social,0,1,0.0,2.4554748191579356e-34,False
hvs.bsky.social,0,1,0.0,6.155309082072321e-48,False
iamadoeable.bsky.social,0,1,0.0,5.399287776063064e-50,False
iamiysha.bsky.social,0,1,0.0,1.2261501466334539e-29,False
iamyou84.bsky.social,0,1,0.0,3.6446829745144005e-34,False
iangorrie.bsky.social,0,1,0.0,3.113439989045718e-38,False
ianstev91.bsky.social,0,1,0.0,2.637550145920124e-26,False
iedamarcondes.com,0,1,0.0,1.4775854766236006e-25,False
ifimryanimdyin.bsky.social,0,1,0.0,6.99415146121889e-56,False
ilmarinen7.bsky.social,0,1,0.0,2.637550145920124e-26,False
imajerk.bsky.social,0,1,0.0,1.3672576579622343e-15,False
itsmitch03.bsky.social,0,1,0.0,5.801307575073053e-61,False
imgayerthanyouare.bsky.social,0,1,0.0,5.399287776063064e-50,False
incognitopisces.bsky.social,0,1,0.0,1.3950608615051797e-19,False
indigo-k.com,0,1,0.0,6.155309082072321e-48,False
internettrey.bsky.social,0,1,0.0,6.512965015138141e-51,False
irishwol.bsky.social,0,1,0.0,5.095402172886734e-34,False
isaacgantwerkmayer.bsky.social,0,1,0.0,4.920203299424572e-36,False
isaacgm73.bsky.social,0,2,0.0,1.428837923375255e-29,False
issabussae.bsky.social,0,1,0.0,5.801307575073053e-61,False
its-its.bsky.social,0,1,0.0,5.801307575073053e-61,False
itsmelikewhoa.bsky.social,0,1,0.0,8.135601677776215e-24,False
zusteriris.bsky.social,0,1,0.0,6.155309082072321e-48,False
