author,Louvain,Greedy,FluidC,Girvan-Newman
agreaternotion.bsky.social,4,0,6,4
akoltchak.bsky.social,4,0,4,4
aoife-rose.bsky.social,4,0,3,4
auntiemamelives.bsky.social,4,0,3,4
beckalecka.bsky.social,1,1,6,2
bertjim.bsky.social,7,3,3,6
boondockingintheus.bsky.social,4,0,3,4
captaindunsel.bsky.social,4,0,3,4
cate-evans4.bsky.social,1,1,6,1
ccdude8.bsky.social,2,1,3,1
charcharjo6.bsky.social,4,0,5,4
cheers464646.bsky.social,4,0,6,4
clio2.bsky.social,9,6,2,8
commanda4.bsky.social,4,0,6,4
desertdweller760.bsky.social,4,0,3,4
dr-ohm.bsky.social,4,0,3,4
ebcollis.bsky.social,7,3,6,6
ehs06702.blacksky.app,1,1,6,2
fictionwriternc.bsky.social,8,8,4,7
flowers36.bsky.social,1,4,6,2
gabnat.bsky.social,4,0,3,4
gaffa.bsky.social,6,2,4,0
godeep.bsky.social,4,0,4,4
goodknight70.bsky.social,4,0,4,4
gothicfirekitteh.bsky.social,4,0,4,4
gw161irish.bsky.social,1,1,3,1
gypitneep.bsky.social,4,0,3,4
hartleysiddenj.bsky.social,2,1,6,1
imajerk.bsky.social,4,0,3,4
jahsounds.bsky.social,7,3,6,6
jazzrat2000.bsky.social,4,0,3,4
jenejareth.bsky.social,4,0,3,4
jennie-ess.bsky.social,4,0,4,4
jimmycraig42.bsky.social,4,0,1,4
jockd.bsky.social,4,0,3,4
just--bruno.bsky.social,4,0,3,4
lab-reports.bsky.social,6,2,4,0
ladyfoxglove93.bsky.social,6,2,3,5
ladymidath.bsky.social,7,3,6,6
leohorishny.bsky.social,4,0,3,4
lindavt.bsky.social,4,0,3,4
lisann57.bsky.social,4,0,4,4
livesantacruz.bsky.social,3,5,3,3
lohaddotcom.bsky.social,4,0,4,4
lsamardich.bsky.social,4,0,4,4
mariaaragon64.bsky.social,4,0,6,4
mat111.bsky.social,4,0,4,4
mattaiwarrior.bsky.social,6,2,4,5
michaelraywilliams.bsky.social,5,9,0,10
microveldt.bsky.social,4,0,6,4
millie29.bsky.social,1,4,6,2
mrmartino.bsky.social,4,0,4,4
mslonib.bsky.social,4,0,3,4
nikkipearl.bsky.social,8,8,4,7
nsparks.bsky.social,4,0,4,4
philcox99.bsky.social,6,2,4,5
polly-o.bsky.social,1,1,6,2
prdnme.bsky.social,1,1,6,1
preston.camera,4,0,3,4
quiltbunny.bsky.social,4,0,6,4
ratchetology.bsky.social,2,1,6,1
rekati.bsky.social,9,6,2,8
roguetime.bsky.social,0,7,4,9
rokey.bsky.social,4,0,4,4
sdzdc.bsky.social,6,2,4,5
seasthemoment.bsky.social,4,0,4,4
sfannie53.bsky.social,4,0,4,4
shadyboots81.bsky.social,7,3,6,6
silentbrouhaha.bsky.social,1,4,6,2
someothercow.bsky.social,4,0,3,4
spritedear.bsky.social,7,3,6,6
squeakyllama.bsky.social,4,0,3,4
stevebrycegames.bsky.social,4,0,4,4
texasgypsi.bsky.social,4,0,3,4
thatsparkles.bsky.social,5,9,0,10
thecalebrogers.bsky.social,4,0,6,4
thecreweofthefancy.bsky.social,4,0,4,4
thefoodandwinediva.bsky.social,4,0,4,4
tinamur.bsky.social,1,4,6,2
tofuhama.bsky.social,4,0,3,4
tummy-aches.bsky.social,0,7,3,9
tydyethefly.blacksky.app,1,1,6,1
uneasywriter.bsky.social,1,1,6,2
vanlighet.bsky.social,4,0,4,4
victoriangothic.bsky.social,3,5,4,3
wayfarerone.bsky.social,4,0,3,4
xraynaqueen.bsky.social,2,1,6,1
yanygal.bsky.social,4,0,4,4
